date,route_color,route_grade,rating,style,wall,offset,comment,route_id
2020-03-15,White,5.11c,4,Onsight,wall-island,91.7,,c12f368767a4776a8392665f0e660892
2020-03-15,White,5.10d,,Onsight,wall-island,126.0,,c3427850c4f142dfbe48314fc995e4ed
2020-03-12,White,5.12b,5,Red Point,wall-island,528.5,Great climb,ec1d0e0c781b27ca0e2a06a3d8fa9175
2020-03-12,Blue,5.10c,,Onsight,wall-back-wall,588.1,,1f28af14dc81f93083720236797340dd
2020-03-09,Black,V0,,Flash,wall-mezzanine,114.6,,c85781eb73441c6cd13934d952fc25c3
2020-03-09,Blue,V2,,Flash,wall-mezzanine,114.6,,b2e0d38a015ec08fadf68b3d3b3faf2f
2020-03-09,White,V6,1,Flash,wall-mezzanine,114.6,Flashed with left hand on bottom corner of volume (below only labeled start). Another climber let me know during the comp both hands were labeled. Apparently I can't start it with the comp start hand. Makes sense since it felt soft with the volume start. I either flashed or can't start﹐ Oh well. #bringtwostarthandsback,06320599618fc2aef903380548f68e02
2020-03-09,Pink,V4,,Flash,wall-mezzanine,39.7,,f39d32e2c3a5125c7916dbe6c85af49a
2020-03-09,Pink,V4,,Red Point,wall-slab,48.7,,018e24449d90d45363a0f5c0c10d952c
2020-03-09,White,V5,4,Flash,wall-slab,118.8,,f15391f8b743ac0537cf725c4b096d57
2020-03-09,Lime Green,V6,3,Flash,wall-slab,192.9,,100ef8e8d40ca3716dcc58d7fa30c734
2020-03-09,Pink,V3,,Flash,wall-boulders,87.1,,5c96390726dd7695c4257bd16f184591
2020-03-09,Yellow,V4,,Flash,wall-boulders,161.2,,412ff5f448845b972d2007f10367c3f8
2020-03-09,White,V6,3,Red Point,wall-boulders,161.2,,6763501c5a8d0940d0b09ae1c76d6ad8
2020-03-09,Blue,V2,,Flash,wall-boulders,161.2,,926f37127d4b3cde2ec765052f6e60d9
2020-03-09,Lime Green,V1,,Flash,wall-boulders,288.8,,cc169b12d0a723910aa3f8bf678abe42
2020-03-09,Black,V2,,Flash,wall-boulders,288.8,,56a5cd7a8a5217bf028f720dd9e78c99
2020-03-09,Black,V0,,Flash,wall-boulders,359.0,,62fc0c73c64e405b472b499578205cb0
2020-03-09,Tan,V4,,Flash,wall-boulders,359.0,,2bd8718c3164456377f903aabef45f11
2020-03-09,White,V2,,Flash,wall-boulders,581.0,,ba60033c32d66c09445a41f3da726385
2020-03-09,Pink,V3,3,Flash,wall-boulders,667.3,,80cddf93f90cd364c057590dd7fb7ea4
2020-03-07,White,5.10b,,Onsight,wall-back-wall,222.7,,4219eddf4be44b4812986a9ab710b8ec
2020-03-07,Red,5.11b,5,Red Point,wall-island,444.9,,257fb4905bb6513986df16888c6dc9c7
2020-03-05,Yellow,5.9,,Onsight,wall-island,446.7,,9d0a42d3f2db539bdde369755f91af98
2020-03-05,Red,5.11a,,Red Point,wall-back-wall,1292.9,,3e4a5964bf8701e189e2ed365b5943f7
2020-03-05,Pink,5.11a,,Onsight,wall-back-wall,1250.3,,b324838987e8507a768efb25d71afc4e
2020-03-05,Yellow,5.11b,,Onsight,wall-back-wall,1229.4,,86e30b5aef1bf19b3b567b5f9896051f
2020-03-05,Purple,5.10d,,Onsight,wall-back-wall,16.3,,a86d6009df77337407ddf7882d929ecf
2020-02-26,Lime Green,5.10c,,Onsight,wall-back-wall,251.9,,c2fc94c23a9147ee5d4a7602a4fb6851
2020-02-26,Lime Green,5.10c,,Onsight,wall-island,530.3,,e323ab45980d52796b22e7c77595ec4b
2020-02-26,Tan,5.10c,,Onsight,wall-island,591.4,,911a3fab504895d45dcd360d5cf3574c
2020-02-26,Black,5.11a,,Onsight,wall-island,589.6,,fd68540836dfc0b3a86fc2ddad40f2aa
2020-02-26,Red,5.9,,Onsight,wall-island,560.7,,3e82b7522aac6f4dccc16b13a5396186
2020-02-26,Pink,5.9,,Onsight,wall-island,394.7,,9e4b0924a7d7ea5538be15d949d7140d
2020-02-17,Green,5.10c,,Onsight,wall-island,420.7,,2e45334406444552d928cc7eeb7fb6b4
2020-02-17,Purple,5.10a,,Onsight,wall-island,445.8,,3367c4d06c93f4c7198f49fbc31c31ad
2020-02-17,Tan,5.11b,,Red Point,wall-island,366.1,,dc54f4a2691a06ae3af30fc140838ed8
2020-02-17,Black,5.11a,,Onsight,wall-back-wall,1293.7,,e2a55583d7241135bb408e1212980fe0
2020-02-17,Tan,5.9,,Onsight,wall-back-wall,190.5,,b9cb1cf9ec9f75709e1890d93aafbd6b
2020-02-17,Yellow,5.10c,,Onsight,wall-back-wall,164.5,,3b0758532fe34ede5936bbb6c0c20963
2020-02-02,Tan,5.8,,Onsight,wall-island,421.6,,c0d8af33c9070f010f4970354c4319ca
2020-02-02,Tan,5.10a,,Onsight,wall-island,561.5,,d4bbbe4dd8644ecad075bbbc13256f34
2020-02-02,Blue,5.10d,,Onsight,wall-back-wall,142.5,,dc93142e641598dadef6a08d5051bd04
2020-02-02,Purple,5.11b,,Onsight,wall-back-wall,243.9,,ef0b5a4d4eec5c16a3310046d8708ea4
2020-02-02,Tan,5.11b,,Onsight,wall-island,328.0,,7b1c4a998a3596c3a26cf310aab12a12
2020-02-02,Yellow,5.11c,,Onsight,wall-island,141.6,,59466be082ad99a42c74aa18caf31771
2020-01-31,White,5.10b,,Onsight,wall-island,590.5,,f381f8b579a5d66a67e333eed2c61a48
2020-01-31,Red,5.11a,1,Onsight,wall-island,560.7,Wow that was awkward,11165d2de5cf6d3716df16d9755b2521
2020-01-31,Blue,5.12a,,Onsight,wall-island,43.2,,662964a74003607f9c81c8d0930df6e5
2020-01-31,Purple,V6,5,Red Point,wall-mezzanine,39.7,Finally was able to finish this thanks to Boris A's beta. I'm surprised by how hard the finishing beta is to figure out. This took me the longest on the set to finish. It's not physically harder than the rest﹐ but much more challenging to unlock. Frustratingly well set. ,68633f2098e41c7649ef90e4138b2115
2020-01-29,Pink,5.9,,Onsight,wall-back-wall,70.9,,17a1e26ab29b0bdd0bdac8b3ad7e4564
2020-01-29,Blue,5.10b,,Onsight,wall-island,395.6,,d1844ed942e833379c235383892197b7
2020-01-29,Purple,5.10d,,Onsight,wall-back-wall,124.1,,8f4283e1e07bd9e600998014212bf639
2020-01-29,Pink,5.11a,,Onsight,wall-back-wall,628.3,,dbae47dc44da90e1389276778d9cdc89
2020-01-29,Yellow,5.11d,4,Red Point,wall-red,261.8,,ccda101f3b8737bb08bc47dd8b33b46d
2020-01-29,Black,V0,,Flash,wall-mezzanine,39.7,,289f13c1fad993636aa750a046134026
2020-01-29,Lime Green,V1,,Flash,wall-mezzanine,39.7,,a488a6fe1a733e451898ad335d13d216
2020-01-29,Yellow,V3,,Flash,wall-mezzanine,39.7,,6ab38b6e926c4f6a05c634847a3d59f2
2020-01-29,Blue,V8,4,Red Point,wall-mezzanine,39.7,,7bffa224073ea51037de9081e60a58f7
2020-01-29,Tan,V4,,Flash,wall-mezzanine,39.7,,869bc5cb7790360cfc736284f7cd7f6b
2020-01-29,White,V2,,Flash,wall-mezzanine,39.7,,a6832f00cfee2016daa46b26ce7e0b1a
2020-01-29,Red,V2,,Flash,wall-mezzanine,39.7,,e6b2f56a916388b74d02e04908a162fc
2020-01-29,Yellow,V3,,Flash,wall-mezzanine,39.7,,e7baec3392ef529bbc5a4a8edadac691
2020-01-29,Black,V7,5,Flash,wall-mezzanine,114.6,Fingery but solid,5fdfc37c4b802f5f059abd9a5aa2b1d7
2020-01-29,Pink,V0,,Flash,wall-mezzanine,114.6,,978a660473cb36223b2453d1800623cd
2020-01-29,Pink,V5,5,Flash,wall-mezzanine,39.7,,5ebcde2841ed40034ec0bdfe0f96a9f5
2020-01-29,Lime Green,V5,4,Red Point,wall-mezzanine,114.6,,e3bb1eb98f763513295475559cf650f7
2020-01-29,White,V6,3,Flash,wall-mezzanine,114.6,,b6091f0aef659cc1b9562c4ff66f419c
2020-01-29,Blue,V5,,Flash,wall-mezzanine,114.6,,a44ebf7fa6aa83d3202004edab015e6c
2020-01-29,Yellow,V4,,Flash,wall-mezzanine,114.6,,5d5f489e5bddf879d4632c3ce5d1e9f1
2020-01-29,Tan,V5,,Flash,wall-mezzanine,114.6,,71cc15c2a9a348ea7a4ac124e49decfd
2020-01-29,Red,V4,,Flash,wall-mezzanine,114.6,,e10a3455eebf7da9260427d3c6bfb2ff
2020-01-29,Black,V1,,Flash,wall-mezzanine,114.6,,00d5a16a93a1d4a569dc49cb4ac53816
2020-01-29,White,V3,,Flash,wall-mezzanine,114.6,,26f5811ddc1c846ae070f27b16433dba
2020-01-26,Tan,5.8,,Onsight,wall-red,175.1,,a97bac0b9da6811daf7502198eca5b97
2020-01-26,Red,5.10a,,Onsight,wall-red,199.0,,78d421ed24e7aab1bd59d46244854a3a
2020-01-26,Pink,5.11a,,Onsight,wall-red,51.5,,9b9358492e49263ece80d3fe2e6cba56
2020-01-26,White,5.11b,,Onsight,wall-red,231.5,,228a0528463b222928086df0879bb63e
2020-01-26,Red,5.12a,,Red Point,wall-red,110.4,,33b193e9d3513c70bf9d68418fe5edd6
2020-01-26,Black,5.11c,4,Onsight,wall-back-wall,335.5,,047cf53843390ae50c5b711161ccb1ad
2020-01-24,Blue,V3,,Flash,wall-boulders,222.0,,bfdda60d27aaa46264550cb3d337fbce
2020-01-24,Black,V4,,Flash,wall-boulders,222.0,,00cddf1ae13637beb94e08b2db4cdd9d
2020-01-24,Pink,V6,,Flash,wall-boulders,222.0,,36cb7bc4e3d3a278eff29781927243fc
2020-01-24,Blue Left,V1,,Flash,wall-boulders,161.2,,c68bb581c1344dd43dfeb8a45514eacf
2020-01-24,Red,V8,5,Red Point,wall-boulders,161.2,Nice moves ?,bcfe3a56ace425216c1d995fe72be574
2020-01-24,Yellow,V9,5,Red Point,wall-boulders,87.1,Scary! Who's the guest setter? ,da292398c1c50f8c991cc3329eb806e9
2020-01-24,Red down,V7,,Red Point,wall-slab,192.9,,608828ad946230d669af24c86debb2ec
2020-01-22,Blue Right,V5,5,Flash,wall-boulders,161.2,Simple but solid outdoorsy climb. Challenging at the top.,6495e2c4314de447f3e443ff8b97eb66
2020-01-22,Yellow,V0,,Flash,wall-boulders,161.2,,ced3345847c28d58e588ea76c908763b
2020-01-22,Black,V3,,Flash,wall-boulders,161.2,,0216b043f753fb408b6ae5fea32bf902
2020-01-22,Tan,V2,,Flash,wall-boulders,161.2,,7a2b4c834d4d16ece848cb04db0cf4ff
2020-01-22,Red,5.10c,,Onsight,wall-back-wall,36.9,,8da5d8cee664d98a1d96c214834cb17c
2020-01-22,Blue,5.9,,Onsight,wall-back-wall,56.0,,4aced0bf3c7e214843fcb490d33c4e47
2020-01-22,Tan,5.9,,Onsight,wall-back-wall,322.3,,8a6028040f0125396cee9f8d3d5c25ea
2020-01-22,Lime Green,5.11a,,Onsight,wall-back-wall,488.9,,cef386d0204fe866526125ee670ab7c9
2020-01-22,Red,5.10d,,Onsight,wall-back-wall,534.8,,af5b68c1c9b71e1216f055d774b97555
2020-01-22,Lime Green,5.10c,,Onsight,wall-back-wall,684.0,,ad18e73705b8a63e1470345dbe4cbbf7
2020-01-22,Yellow,5.9,,Onsight,wall-island,365.2,,bcccb3724931ed2a1ce61a3e620ff0ee
2020-01-22,Lime Green,V3,,Flash,wall-boulders,87.1,,e1707bd7763bcd7b1b921e95103a833c
2020-01-22,Blue,V5,4,Flash,wall-boulders,87.1,Hard﹐ delicate start﹐ but good. I luckily caught the far volume with my left fingertips to kill the barndoor on my flash attempt. Figured out the start sans-volume afterwards. Most people seem to be using the arete to start﹐ which presumably is off. ,ef270746ce2b38c63c579c5138d69c3f
2020-01-22,Tan,V4,,Flash,wall-boulders,87.1,,9320a10b78c2c4e9da6ef75fbbf28e87
2020-01-22,Black,V1,,Flash,wall-boulders,87.1,,5b9d5be8269ec03906267a3bd1d5f9e5
2020-01-22,Pink,V6,4,Red Point,wall-boulders,87.1,I was convinced the toehook wouldn't work for me with my long legs﹐ but it eventually did. I was pretty close to finishing it with without a toehook (or the high﹐ left hold)﹐ but in the end the toehook was the easier and better solution.,d29cbdbc0cb2ba9ad703d01f09b5e6cb
2020-01-22,Red,V3,,Flash,wall-boulders,87.1,,1bd59122a529a7b90bb0d6fe404ff817
2020-01-22,Lime Green,V4,,Flash,wall-boulders,87.1,,a61aabf0a70c49ca343ed766cccd6398
2020-01-17,Yellow,V5,4,Red Point,wall-slab,48.7,I found the finish moves to be the hardest on the slab wall (including 6s﹐ 7s﹐ & 8). Might just be me. ,f9c5a5493ccc202ec3d0add93de7ea48
2020-01-17,Red down,V7,2,Red Point,wall-slab,192.9,Fun like the 7 with the same start﹐ but with a gimmicky finish. Also about as hard as the 5s on the same wall once you work out beta. ,608828ad946230d669af24c86debb2ec
2020-01-17,White,V5,,Red Point,wall-boulders,423.0,,40f680dbba8160cd4888e20714b7386e
2020-01-16,White,V6,,Red Point,wall-slab,48.7,,2cfd26a7618a83f132b0da19384b14e5
2020-01-16,Blue,V2,,Flash,wall-slab,48.7,,aaa10bb717808023df910af93e6e3e3b
2020-01-16,Pink,V3,,Flash,wall-slab,48.7,,c288d3b689c07fab3491050421a25022
2020-01-16,Black,V5,,Red Point,wall-slab,48.7,,9ea54cf3e28a79790a590ba68da8dc81
2020-01-16,Lime Green,V0,,Flash,wall-slab,48.7,,7030e483fc8226ef35c0244926672edb
2020-01-16,Tan,V1,,Flash,wall-slab,48.7,,17206715a23e5c8fc03b11b83ad790ec
2020-01-16,Blue,V6,,Red Point,wall-slab,118.8,,14f5f07936e2dedb4ee6f050d25d3c58
2020-01-16,Black,V5,,Flash,wall-slab,118.8,,2c0d8ed4d9c69fbb38e499ee5f715672
2020-01-16,Yellow,V4,4,Flash,wall-slab,118.8,,8980a0e37093e226f6ba9008cd3d63a9
2020-01-16,White,V6,,Flash,wall-slab,118.8,,7941b1ed2ded20c5da5d256019e270af
2020-01-16,Red,V1,,Flash,wall-slab,118.8,,8cd5517f2c0150f64a59d9bfd05737e8
2020-01-16,Black,V4,,Flash,wall-slab,118.8,,97f8851f1649c0c578c6bf41eab86f1e
2020-01-16,Lime Green,V4,,Red Point,wall-slab,118.8,,b8e3786bfe29ddcb5a1e4a43367465c4
2020-01-16,Lime Green,V7,4,Red Point,wall-slab,192.9,,0b096eec4f0c7bfd8dd5e4fec1de2525
2020-01-16,Pink,V2,,Flash,wall-slab,192.9,,e459884c250f7aabc719c6d072015a42
2020-01-16,White,V5,,Red Point,wall-slab,192.9,Skipped the pinch with a mantle,124cbd7d8c7258278c4218e3d82fa972
2020-01-16,Blue,V0,,Flash,wall-slab,192.9,,4bcf0c78581adfc54be88a89560dbbf9
2020-01-16,Yellow,V3,,Flash,wall-slab,192.9,,e2022e18165b50136c13bc74ad3cbb99
2020-01-15,Red up,V6,3,Flash,wall-slab,192.9,Fun﹐ but no harder than the 5s on this wall,c984bdddbae735657115337b4f6268fd
2020-01-10,White,V7,,Red Point,wall-boulders,359.0,,c9ec4e8145625f033e34a7ca53a7714e
2020-01-10,White,V5,,Red Point,wall-boulders,505.7,,a6b37892d7af300d7ad0be0b1ddbca67
2020-01-10,Green,V4,2,Red Point,wall-boulders,581.0,,1acd909221c514ce5fa59b7036f6052c
2020-01-10,Red,V1,,Flash,wall-boulders,423.0,,4b1511edc5e8d3ffe7140693173fa049
2020-01-10,Blue,V4,,Flash,wall-boulders,423.0,,bca66e92f950f62019fb447d4ab2b25a
2020-01-10,Pink,V2,,Flash,wall-boulders,423.0,,d21a5d8b879725a9bad86a67fff4ea29
2020-01-10,Red,V6,5,Red Point,wall-boulders,581.0,Committing cross in the middle. Frustrating to work out the beta but ended up liking this one. ,2eae3764a878320e7d18143cacb28d80
2020-01-10,Pink,V3,,Flash,wall-boulders,581.0,,8d03ea868716aec0b2118914223c8b89
2020-01-10,Yellow,V2,,Flash,wall-boulders,581.0,,40fed2582fc460eef98edf5be375a3e4
2020-01-10,Black,V4,,Red Point,wall-boulders,581.0,,3e8a8400ad240270b70649d9b02e0c8e
2020-01-10,Tan,V0,,Flash,wall-boulders,581.0,,81d8de61b948629e4906939bd04e8481
2020-01-10,Blue,V6,4,Red Point,wall-boulders,581.0,Hard first move﹐ but good,6ba27f4a19e4ec72044c7700e2350e28
2020-01-10,White,V3,,Flash,wall-boulders,581.0,,9339078234104c7a0c464657e892a939
2020-01-09,Pink Low,V5,,Red Point,wall-boulders,423.0,Harder than v4,3f19fba696b801a0330569bef569205b
2020-01-05,Red,5.11d,,Red Point,wall-back-wall,1250.3,,7428c095488c5c2049c3d15aaef5287e
2020-01-05,Black,5.11b,,Onsight,wall-island,315.4,,3ed0ae04a66c4acca1c24ef79d6fe8bb
2020-01-05,Black,5.10b,,Onsight,wall-island,529.4,,70483aa172a83469513e73395124fdbe
2020-01-05,Yellow,5.8,,Onsight,wall-island,528.5,,42a5556236596257a4756dcdb3807304
2020-01-03,Yellow,V4,,Flash,wall-boulders,288.8,,243a18cc8cce220c7c763ae2aa414db9
2020-01-03,Red,V1,,Flash,wall-boulders,288.8,,d75d1c5ae87065663c4e88d0fae2439e
2020-01-03,Black,V2,,Flash,wall-boulders,288.8,,5988412a213b2a46e6147393f55b6808
2020-01-03,White,V2,2,Flash,wall-boulders,288.8,sandbagged,4563537d169a2b8b7561006da5437b29
2020-01-03,Blue,V1,,Flash,wall-boulders,288.8,,7a46cc92bca2c5c26cea19be071a33d8
2020-01-03,Pink,V4,4,Flash,wall-boulders,288.8,,b4e78b88c47a92515855cc320743ce7d
2020-01-03,Black,V5,5,Flash,wall-boulders,288.8,,2a760eabea811f225fd8dd5a11b286d5
2020-01-03,Tan,V3,,Flash,wall-boulders,288.8,,e5b4a6a34f3cbe5a3164cbec54cbd83c
2020-01-03,White,V7,4,Red Point,wall-boulders,359.0,,c9ec4e8145625f033e34a7ca53a7714e
2020-01-03,Red,V6,4,Red Point,wall-boulders,359.0,,a92505da49c811edda38aae163d1785c
2020-01-03,Lime Green,V4,,Flash,wall-boulders,359.0,,5ca509e894017a9bda24b71225ac3870
2020-01-03,Yellow,V6,,Red Point,wall-boulders,359.0,,ccb8196b71fbf285d879259aaa7e4044
2020-01-03,Blue,V6,5,Red Point,wall-boulders,359.0,Great climb,b38ff54cb16c58a24d0e3907ca92dcce
2020-01-03,White,V5,,Flash,wall-boulders,359.0,,943482b7603366bef17bbd12ebb4d4ad
2020-01-03,Pink,V3,2,Flash,wall-boulders,359.0,,ee6293b3b8364e7e53ebb3c223b242be
2020-01-03,Yellow,V1,,Flash,wall-boulders,359.0,,bb943bd2e385e4542e4970277472f223
2019-12-30,Pink,V6,,Red Point,wall-boulders,667.3,Matching the finish hold was my crux. Scary fall,319eae50a8dddb10249400cfb62f89fb
2019-12-30,Lime Green,5.10d,,Onsight,wall-back-wall,252.2,,281943aa368f739163df242af290fd8f
2019-12-30,Yellow,5.10a,,Onsight,wall-back-wall,243.4,,c5b5d8e3f08d93cef18184d436a4334f
2019-12-28,Black,V6,4,Red Point,wall-slab,48.7,,da1f659f1ad5418441b3d13f77153cbd
2019-12-27,Black,V1,,Flash,wall-boulders,667.3,,5f44848b1bb9c7175f156070cf622c2d
2019-12-27,Yellow,V6,,Flash,wall-boulders,667.3,,9e4bd776ec6a756903d0f49f1f63e0e3
2019-12-27,White,V4,,Flash,wall-boulders,736.4,,5e83f865fc7edcb671a0fc6f243fa1cb
2019-12-27,Tan,V5,,Flash,wall-boulders,793.8,,7ec3615f2edc759f5d0ecd2e29684034
2019-12-27,Black,V3,,Flash,wall-boulders,793.8,,d75ced062a2fca4781e398011cc289ea
2019-12-27,Yellow,V4,,Flash,wall-boulders,793.8,,46915448cdb1c9ce5516a53f9dd43790
2019-12-27,Blue,V5,4,Red Point,wall-boulders,793.8,,91b9100d5c8424302c0c5876f4c47c86
2019-12-27,Lime Green,V0,,Flash,wall-boulders,793.8,,50d3f73ac75c32cf59a694d6cf92b914
2019-12-27,Pink,V3,,Flash,wall-boulders,793.8,,9e386b2ded9a16115e969789bd0aa65b
2019-12-27,Black,V2,,Flash,wall-boulders,793.8,,d492409ecb9fa81dd19ef97a857ecb4d
2019-12-19,Blue,V5,5,Red Point,wall-mezzanine,114.6,Finish was a little tricky. Enjoyed this one,7ce3756a52d9d7f61a09d02f0f4712dd
2019-12-18,Black,V4,,Flash,wall-mezzanine,114.6,,f4d2ce6fb74a8fb028eb394669f4b31a
2019-12-18,Lime Green,V0,,Flash,wall-mezzanine,114.6,,7078343e54d721be9095c59950f8375b
2019-12-18,Pink,V2,,Flash,wall-mezzanine,114.6,,c7e889eff9e13543e345f50c92f56125
2019-12-18,Blue,V1,,Flash,wall-mezzanine,114.6,,f90381b34d3e71de891729d652e1b72a
2019-12-18,White,V5,,Flash,wall-mezzanine,114.6,,6002b5dece6e5b85800c5021dd77c2bc
2019-12-18,Yellow,V2,,Flash,wall-mezzanine,114.6,,db6502d951e7ec0a6334153d76ec91a6
2019-12-18,Red,V0,,Flash,wall-mezzanine,114.6,,c20018aeeef291af5e4fd6e5a4006c5d
2019-12-18,Pink,V1,,Flash,wall-mezzanine,114.6,,560252b1da863a3c41bfc39f3ac8117f
2019-12-18,Pink,V1,,Flash,wall-mezzanine,114.6,,560252b1da863a3c41bfc39f3ac8117f
2019-12-18,Tan,V6,3,Flash,wall-mezzanine,114.6,Not too bad if you're taller. Started with wide hands﹐ since start holds are now ambiguous... ,020af7535b31bf78705a778ea771ec65
2019-12-18,White,V3,,Flash,wall-mezzanine,39.7,,d7578e648a3dc4c56fe73584f3e8f38d
2019-12-18,Yellow,V6,4,Red Point,wall-mezzanine,39.7,,528c6171f0dd6eee7da2afdba58f647f
2019-12-18,Lime Green,V4,,Flash,wall-mezzanine,39.7,,50048da5b9c46c6bf942ed2982c416c5
2019-12-18,Blue,V4,,Flash,wall-mezzanine,39.7,,f3f45fc87c0d9f759567c041355c446e
2019-12-18,Red,V7,5,Red Point,wall-mezzanine,39.7,Spicy finish,4ff6ec0d33533ada5693f07768023250
2019-12-18,Black,V3,,Flash,wall-mezzanine,39.7,,6ae9c1d096be2c74317f792525022d88
2019-12-18,Tan,V2,,Flash,wall-mezzanine,39.7,,315b4d0b36d1a7e3b8cc920bc1161eda
2019-12-16,Red,5.10c,,Onsight,wall-island,561.5,,52167fe939525176df6ac822d107524a
2019-12-16,Yellow,5.9,,Onsight,wall-back-wall,315.7,,f3a926b76332455d0f100cf47dbf1819
2019-12-16,Pink,5.9,,Onsight,wall-back-wall,252.2,,307e02e2ddc6a796adbcc6ba85f65282
2019-12-15,Blue,5.11d,4,Red Point,wall-island,394.7,,a4cdc3adcea814519cc1664b2e72c6e2
2019-12-12,Yellow,V2,,Flash,wall-boulders,87.1,Definitely harder than a v2,42469c5d45475ebebb368c5618ec9658
2019-12-11,Red,V4,,Red Point,wall-boulders,87.1,The label on the climb is a for a v3﹐ it's more like a v5. Most of the low grades in this corner are sandbagged for some reason. Good climb though. ,b388c3114171dc2c4678c47a7bad4b89
2019-12-11,White,V0,,Flash,wall-boulders,87.1,,129293a9282b4c241f2b6926eca02ed9
2019-12-11,Blue Right,V6,4,Red Point,wall-boulders,87.1,,b5eade09f4e03004dd6d2556256d5cb8
2019-12-11,Tan,V1,,Flash,wall-boulders,87.1,,a88e77ab84990e9bbe2deddd32b22a60
2019-12-11,Black,V3,,Flash,wall-boulders,87.1,,72238918b99ecd2939d8f5ff2ab979b7
2019-12-11,Lime Green,V6,,Red Point,wall-boulders,161.2,,7c953e25110579273d27420cdda7153d
2019-12-11,White,V2,,Flash,wall-boulders,161.2,,c99b421e45cc458d301f896aa100a50b
2019-12-11,Black,V1,,Flash,wall-boulders,161.2,,93e087fbdcd36676c5dad37ee2dc1db0
2019-12-11,Blue,V4,,Flash,wall-boulders,161.2,A stiff 4,f1e21045d4d19ba580260aebf453b360
2019-12-11,Tan,V5,,Red Point,wall-boulders,161.2,,d54ed3fe98d15b9c5e4c88e7a9bf5aa5
2019-12-11,White,V6,4,Flash,wall-boulders,222.0,Challenging beginning! A first glance this looks like it should be pretty easy considering the huge jugs﹐ but ends to with some surprisingly powerful moves. Good climb. ,774bad64cf7f6eb3ceb940747aafcdbd
2019-12-11,Blue,V2,,Flash,wall-boulders,222.0,,e7e9aabd942ff15bdbc90d9b468ecb1c
2019-12-11,Pink,V5,,Red Point,wall-boulders,222.0,,15bb7d8da95e7f021d3250011d67a5d5
2019-12-11,Pink,V5,5,Flash,wall-boulders,161.2,,0634754e4370d35be16579c5dd3d6d8b
2019-12-11,Blue Left,V5,,Flash,wall-boulders,87.1,Either I sent this with an unlabeled finish hold or there wasn't one.. ?‍♂️,9839457d366ef0cf6a2349dffa243b91
2019-12-11,Black,V4,,Flash,wall-boulders,87.1,Another sandbagged climb in this corner.,2b4ccb94beadeae7213d80a717e9ff04
2019-12-07,Black,5.12b,,Onsight,wall-auto-belay,173.7,,814f0c8223e500003fa1a97bb7a48f9f
2019-12-07,Red,5.11b,,Onsight,wall-auto-belay,174.3,,ac7876fc38ee35060d15cf343608f4cc
2019-12-07,White,5.8,,Onsight,wall-auto-belay,174.9,,7224cb9ec952f72a64bc57ada47a5009
2019-12-07,Yellow,5.11b,,Onsight,wall-auto-belay,196.9,,f62bcca487d3b6a3fd878f3d65114aa0
2019-12-07,Blue,5.9,,Onsight,wall-auto-belay,197.6,,a34a395e57877a93cf1bc8978f4b8ffd
2019-12-07,Lime Green,5.7,,Onsight,wall-auto-belay,198.2,,948216317be0497afa5f43d129131bc2
2019-12-07,Pink,5.10c,,Onsight,wall-auto-belay,222.1,,d98c6b94886d2dc5c6c2821151a98009
2019-12-07,Purple,5.8,,Onsight,wall-auto-belay,222.7,,a5cc5d3c8f73b9e95d040c3a58629ba1
2019-12-07,White,5.6,,Onsight,wall-auto-belay,223.4,,22c9bc57f6c78417bf845cef7f172554
2019-12-07,Lime Green,5.9,,Onsight,wall-auto-belay,250.5,,8d7b53207cde200fc8b8e23e4db20206
2019-12-07,Yellow,5.6,,Onsight,wall-auto-belay,251.1,,4bdda810108d228def6941d092a976a5
2019-12-07,White,5.11c,,Onsight,wall-auto-belay,273.1,,ad04bd3d41341aba27a71331c7b989b0
2019-12-07,Pink,5.10a,,Onsight,wall-auto-belay,273.7,,d8ffb83c6af4967932c015e8c861f6af
2019-12-07,Blue,5.8,,Onsight,wall-auto-belay,274.3,,32c346b8060d1e7ddc9e7ef8a414dc45
2019-12-07,Red,5.11b,,Onsight,wall-auto-belay,302.7,,e1db27bce97ce8180c6fe740f505ff3a
2019-12-07,Black,5.10b,,Onsight,wall-auto-belay,303.3,,b968ba4430741a72c07510e328ef2d3b
2019-12-07,Tan,5.7,,Onsight,wall-auto-belay,304.0,,9ca9a4cbe9b1e566b8259e1f75fba4e7
2019-12-07,Lime Green,5.11d,5,Red Point,wall-auto-belay,341.8,Felt harder than the 12s on this wall. ,882852d17474c31560a1a1ae0cebf152
2019-12-07,Pink,5.9,,Onsight,wall-auto-belay,342.5,,1ee55e57deb4ec3219c7052e7ae0ebc6
2019-12-07,Yellow,5.6,,Onsight,wall-auto-belay,343.2,,4fbea74535f1883298a376fc3bf08186
2019-12-07,Red,5.11d,,Onsight,wall-back-wall,221.1,,45ed740a750e9814ef96d0820fb53cd7
2019-12-07,Black,5.11c,5,Onsight,wall-back-wall,243.6,,e20c8b62a86a5dd47d06205a0130786d
2019-12-07,Pink,5.11b,4,Onsight,wall-island,163.0,,a8954e1ffe579e09beab9cf40368cdf4
2019-12-07,Black,5.10c,4,Onsight,wall-island,91.7,,617ac92754335a9dfad8633213e5caea
2019-12-07,Blue,5.10a,2,Onsight,wall-island,141.6,,b46728a72e668ba94c553145613372b9
2019-12-07,Yellow,5.8,,Onsight,wall-island,142.7,,26533b08ff9921490037d17044effe5d
2019-12-07,Tan,5.7,2,Onsight,wall-island,162.0,,8efe7dd1554f10a5ff4b04a57dd10956
2019-12-06,Black,5.12a,,Onsight,wall-auto-belay,249.8,soft,ec99775d7157d60e8c4aeb5b6f413c9c
2019-12-04,Black,V6,4,Red Point,wall-slab,48.7,,da1f659f1ad5418441b3d13f77153cbd
2019-12-04,Lime Green,V2,,Flash,wall-slab,48.7,,249c531dcbbf175dade9a0fda91957d3
2019-12-04,Blue,V1,,Flash,wall-slab,48.7,,5031f54a3295a6c94ae1d07eaf162387
2019-12-04,Tan,V3,,Flash,wall-slab,48.7,,7deb2e19b6fb227d80ef431e88fa0089
2019-12-04,White,V1,,Flash,wall-slab,48.7,,9f5df0d2145f0513d2c2ac4cad343cac
2019-12-04,Red,V6,,Flash,wall-slab,48.7,,27f6cc1905e4f599e8a0b74b8554335a
2019-12-04,Yellow,V4,,Flash,wall-slab,48.7,,eb59ff8b1376a15ff5eb04c011c27bfb
2019-12-04,Lime Green,V5,4,Red Point,wall-slab,118.8,I personally found this 5 harder than the 6s and 7s on this wall. ,81e52c00ba9ce5a04927abbdd265d724
2019-12-04,Pink,V6,,Red Point,wall-slab,118.8,,2ee9555b0b495972dda36ec998d344da
2019-12-04,Black,V3,,Flash,wall-slab,118.8,,9b71b0b23b89df1d775d286c5a39fa63
2019-12-04,Red,V5,,Flash,wall-slab,118.8,,52db780f4058ecbc2c61123936403ac1
2019-12-04,Tan,V7,,Flash,wall-slab,118.8,,0ea893cad144964e48f0187fd25eee86
2019-12-04,Yellow,V4,,Red Point,wall-slab,118.8,,a94cc983f866c08aa4f2e4f6a6de336a
2019-12-04,White,V0,,Flash,wall-slab,118.8,,8aaa3a4f74a032d8936f77e684dfdf03
2019-12-04,Black,V5,,Red Point,wall-slab,192.9,,66534e523878ae755a0834bbda01aebb
2019-12-04,Pink,V2,,Flash,wall-slab,192.9,,c237c8b33a0918328e89b5c1cb0d25ca
2019-12-04,Yellow,V7,3,Red Point,wall-slab,192.9,,51f06fe096964f123cd431c6cdac1510
2019-12-04,Lime Green,V0,,Flash,wall-slab,192.9,,35f5d8d239fd760596d702b7eee7ede9
2019-12-04,Red,V3,,Flash,wall-slab,192.9,,f8471788822aee2cbc217073ef6ac350
2019-12-02,Yellow,V7,5,Red Point,wall-boulders,581.0,Excellent problem,de5c94afd6e02aa4ab49c2d3d41e2061
2019-12-02,Lime Green,V4,,Flash,wall-boulders,581.0,,c81084d2b88f45a23575a61808634d31
2019-12-02,Yellow,V4,,Red Point,wall-boulders,581.0,,e75537d5294be4537bc7c9baade9a35c
2019-12-02,Pink,V4,,Flash,wall-boulders,505.7,,55da0c04bc30556e600e47096828d03b
2019-12-02,Yellow High,V3,,Flash,wall-boulders,423.0,,3f8c721122a0bc760a49f03da502a72a
2019-12-02,Red,V5,,Flash,wall-boulders,423.0,,5626da4c93e824b608273be9ebda4d7c
2019-12-02,Tan,V3,,Flash,wall-boulders,423.0,,25953b63ef9a511874960725a0a8ab82
2019-12-02,Pink Right,V5,,Flash,wall-boulders,288.8,,456d312c78ca1b8a319c89b90eb4b545
2019-12-02,Red,V6,,Red Point,wall-boulders,222.0,,7e02a5eae8b6d6d7e55ad1803f0b35a7
2019-12-02,Black,V4,,Flash,wall-boulders,222.0,,7e2c97c18ee1a2b7fe69f55b499ab041
2019-11-29,Blue,5.11b,,Onsight,wall-back-wall,322.3,,2ff674be2a650fe354c90fb700b704c7
2019-11-29,Pink,5.10b,,Onsight,wall-island,365.2,,238846b13e3522b5eae9a6e7ffdee8f2
2019-11-29,Pink,5.9,,Onsight,wall-back-wall,165.3,,baf04a9136fe3a4282e7d938de009b1d
2019-11-29,Tan,5.9,4,Red Point,wall-island,590.5,,2ba45e3e46e2611771d6c44e12315062
2019-11-27,Lime Green,5.11b,5,Onsight,wall-back-wall,164.5,,518e7050eb9e9376adfebe09b20f1384
2019-11-27,Purple,5.9,,Onsight,wall-island,444.9,,c43d5318c7bb0945f1028deabce154cc
2019-11-24,Blue,V4,,Flash,wall-boulders,667.3,,2cc853d97a9c22c53e6006832da3a0ea
2019-11-24,Lime Green,V2,,Flash,wall-boulders,161.2,,80eba7bb095082696f16c73c7020658b
2019-11-24,White,V5,,Flash,wall-boulders,161.2,,b68f4380c00685742cba85bf8991983c
2019-11-24,Yellow,V4,,Red Point,wall-boulders,161.2,,1a293917e74b3c93c6ec0aa943a44ac9
2019-11-24,Black,V3,,Flash,wall-boulders,161.2,,8f42b664427668f528253a5c7952a257
2019-11-24,Black,V3,,Flash,wall-boulders,87.1,,e5289c94ed974e2198beac69fcdb2230
2019-11-24,Tan,V6,,Flash,wall-boulders,87.1,,41696e4eec6134ec9398957838cc032e
2019-11-24,Blue,V0,,Flash,wall-boulders,87.1,,618e87f0d21caa2132be50c79910e2ee
2019-11-24,Pink,V4,,Flash,wall-boulders,87.1,,7c65ecd43d534459153e02e7842e9b47
2019-11-24,White,V1,,Flash,wall-boulders,87.1,,869dd21a22174418a2d1dc41d46c4c69
2019-11-24,Lime Green,V3,,Flash,wall-boulders,87.1,,b6af4b738b514e8d3c5cd7bcc4a50930
2019-11-24,Purple,V0,,Flash,wall-boulders,87.1,,53b826d5e7f779401d64886382542657
2019-11-21,Yellow,V6,,Red Point,wall-mezzanine,114.6,,0329ff4e80c4db7e247361a597d7e289
2019-11-21,Black,V3,,Flash,wall-mezzanine,114.6,,a56ab2dfa2c7e76d5f11fd42e8e4e927
2019-11-21,Red,V4,,Flash,wall-mezzanine,114.6,,6c0df1ab2ad03b661353483f07f34ba3
2019-11-21,White,V8,,Red Point,wall-mezzanine,114.6,skipped the last﹐ right hold,afe5f02c8e54e60d8355b15a81933f09
2019-11-21,Pink,V4,,Red Point,wall-mezzanine,39.7,,d8f4c48f962cd60cd72d3952ec585577
2019-11-21,Blue,V5,,Flash,wall-mezzanine,39.7,,26ff876291b6a16351c87b3c324a2623
2019-11-21,Yellow,V2,,Flash,wall-mezzanine,39.7,,4853c6bdcae8971aa42abadedfbaf3b7
2019-11-21,White,V3,,Flash,wall-mezzanine,39.7,,2ed61d0a3b39cc297b2c2404a27121ac
2019-11-21,Lime Green,V1,,Flash,wall-mezzanine,39.7,,c77dae2b30e8a996171695d39eea2b20
2019-11-21,Red,V3,,Flash,wall-mezzanine,39.7,,a9b49495b85fefdbdcbabb5e6173d638
2019-11-21,Black,V4,,Flash,wall-mezzanine,39.7,,f20a5eee429ff94b67653555ad705d07
2019-11-21,Lime Green,V4,,Flash,wall-mezzanine,114.6,,08b2560e61985bd912ce48ba21007422
2019-11-21,Blue,V5,,Flash,wall-mezzanine,114.6,,c4e38bdcc4c5426be58105ea88884e2c
2019-11-21,Yellow,V6,4,Red Point,wall-boulders,359.0,,ef6e6639376e5460046debaf0173b82a
2019-11-21,Red,V6,4,Red Point,wall-boulders,581.0,,a2d5f68ac280eb7a14cc16d56e7f24fe
2019-11-21,Blue,V8,4,Red Point,wall-boulders,581.0,Cool first move; body wedge finish ftw! ,4de06b25e75c4faf2b829727b39b941b
2019-11-19,Lime Green,5.11c,,Onsight,wall-island,127.1,,0226154cd6772c6b5e3c639d93ddacf2
2019-11-19,Purple,5.11b,,Red Point,wall-red,133.2,,8500d93a5516875da611d4c9380483dc
2019-11-19,Red,V6,,Red Point,wall-boulders,288.8,,a100e9219991f648a5e821e91d73e789
2019-11-19,Black,V4,,Red Point,wall-boulders,359.0,,193f2c40502b2e18eec6ea8992ea0801
2019-11-17,White,5.10d,,Onsight,wall-back-wall,443.3,,551a2c0d77a2ab2414d99f98d67c6af4
2019-11-17,Tan,V0,,Flash,wall-boulders,288.8,,24b584cbb5e63a05e55b8892182e55c8
2019-11-17,Red,V3,,Flash,wall-boulders,288.8,,9d0d450fcd34187a7f5707b6be3d40b7
2019-11-17,Black,V1,,Flash,wall-boulders,288.8,,381fba7b16aaefee8bbce0d27927aa83
2019-11-17,Purple,V4,,Red Point,wall-boulders,288.8,,43857739f50195be5c0f62c4c0ca9cef
2019-11-17,Blue,V3,,Flash,wall-boulders,288.8,,2e7955d39151a01169eb9191b437da98
2019-11-17,Pink Left,V4,,Flash,wall-boulders,359.0,,732360242b3208853b2ff870dfd4ae59
2019-11-17,Blue,V2,,Flash,wall-boulders,359.0,,e9c4b1cf0f8d06cc148fd2523d6c48a5
2019-11-17,Tan,V3,,Flash,wall-boulders,359.0,,eee0915b91eae098473431d3c95a2733
2019-11-17,Pink,V7,,Red Point,wall-boulders,359.0,,88b0ef6c84f7b8d229ed74a936abef83
2019-11-17,Yellow,V4,5,Flash,wall-boulders,288.8,,edd0e9f4d6e5d21853fb8258aa8b03bd
2019-11-13,Purple,5.11b,,Onsight,wall-island,589.6,,1c7cd76b531ec3895f8ab9edbc069210
2019-11-13,White,5.12a,,Red Point,wall-island,560.7,,90e328e015a809901129a0ed02cb256b
2019-11-13,White,5.12a,,Red Point,wall-back-wall,1167.3,,46c8ccdad51a67ac39e12ff881b93f1c
2019-11-13,Lime Green,5.10a,,Onsight,wall-back-wall,684.0,,8bb5dcf2a150e2bb2a77a7d092db3e73
2019-11-13,Purple,5.10d,,Onsight,wall-back-wall,589.1,,ab9e99b578dc0bc1b88231ef450af82d
2019-11-07,Blue,V4,,Flash,wall-slab,48.7,,c02780acc69307da661a91fa8d891d52
2019-11-07,Black,V3,,Flash,wall-slab,48.7,,93e689abaa22e628f714884f804f01b1
2019-11-07,Red,V2,,Red Point,wall-slab,48.7,,33efde04bb65f86081d0df92f65a7030
2019-11-07,Yellow,V0,,Flash,wall-slab,118.8,,d938da407de62e7c8b0591a4ba31611c
2019-11-07,White,V6,5,Red Point,wall-slab,118.8,,ccb52971fe318292eaeb1313216054bf
2019-11-07,Yellow,V5,,Flash,wall-slab,118.8,,f5fc438d5bd2ed3af4a42b78d56d1c39
2019-11-07,Pink,V4,,Flash,wall-slab,118.8,,c83e174a45e10a972274546d9f7c1e08
2019-11-07,Lime Green,V1,,Flash,wall-slab,118.8,,7ca468cc337692ccc0ce64d3bb3e1c9c
2019-11-07,Blue,V2,,Flash,wall-slab,118.8,,946ad60d4fd2baa72c5cbbb6bce21b0d
2019-11-07,Tan,V1,,Flash,wall-slab,192.9,,11989873e17619fe5343a1ba64b7f9fa
2019-11-07,Black,V5,,Red Point,wall-slab,192.9,,3b856beba40762ffd1267908d416ee47
2019-11-07,Blue,V6,,Red Point,wall-slab,192.9,,e5693d8e11dc64d3ce2afa4d91533d31
2019-11-07,White,V1,,Flash,wall-slab,192.9,,ca12063c63ee41afc220ba5f3871c9f2
2019-11-07,Red,V3,,Flash,wall-slab,192.9,,a6bcdb833e26466c666edca1f8c57d0d
2019-10-24,Red,5.11c,,Red Point,wall-back-wall,871.9,,c97ff0250a0e6d28c68afc567c122d59
2019-10-24,White,5.10b,2,Onsight,wall-red,230.0,,656f936b6a44c3f5732c9bb24588d93a
2019-10-24,Red,5.11a,4,Onsight,wall-red,261.8,,75752b7d4501ce271202689e41902812
2019-10-24,Tan,5.11c,,Onsight,wall-back-wall,388.4,,32b83a2475aa1c91b803beb1d7fdadcc
2019-10-24,Yellow,5.11c,,Red Point,wall-back-wall,968.7,,b0930a2aa3f903d8984903faf4c7c5c5
2019-10-24,Purple,5.11b,3,Onsight,wall-back-wall,1045.1,pretty chill,b09fa28bce358e5596bc8d47134de12b
2019-10-24,Yellow,5.10b,1,Onsight,wall-back-wall,830.9,,807dfc32d5c3f169619829af80d6f91c
2019-10-24,Red,5.9,,Onsight,wall-island,420.7,,0c26a257c10ebe6decab961c533c084d
2019-10-24,Pink,5.8,4,Onsight,wall-back-wall,165.3,challenging for 5.8,f1faaccc28792e2b89a1a426528aa29d
2019-10-23,Tan,5.11a,,Onsight,wall-back-wall,946.0,pretty chill,19c99843b896516f962b1d4f32c026b1
2019-10-23,Purple,5.10a,,Onsight,wall-back-wall,243.6,,764ba7ae6edbb2c51ac608e130346fc1
2019-10-23,Yellow,5.9,,Onsight,wall-back-wall,141.7,,9679387c8f76d8b778ace23c8c7267df
2019-10-23,Yellow,5.8,,Onsight,wall-back-wall,221.9,,76d1adcb7bc9fbddfa993a8f9f19584b
2019-09-23,Black,5.12b,,Red Point,wall-back-wall,191.4,,86c5c63ea07919564b4589f529ee3280
2019-09-23,Lime Green,5.11c,,Onsight,wall-back-wall,140.8,,2b7c8b17bdbb7bc95f06b74e72e2c667
2019-09-19,White High Start,V6,4,Flash,wall-boulders,667.3,Sustained & tense,5e689a1621f87ba57c4cb52576f57022
2019-09-19,Black,V7,5,Red Point,wall-boulders,793.8,The two moves at the lip (before and over) were very powerful. Super bouldery fun!,aebf59e790eeb206cc7b183bee907f1d
2019-09-18,Purple,5.12d,5,Attempt,wall-back-wall,125.0,,1247deac80deda1b4f7b14a804ab3de7
2019-09-18,White,V1,,Flash,wall-boulders,667.3,,7e49de8ec00664c9e864f2f8a8884fb5
2019-09-18,Black,V3,,Flash,wall-boulders,667.3,,e137d99bc38560c750e5f67a56dbd0bf
2019-09-18,Red,V3,,Flash,wall-boulders,667.3,,be2c780c105b317eabde23e05b4b6823
2019-09-18,Pink,V5,3,Flash,wall-boulders,667.3,,0d4df7e78f4973bf0666a19acbf440ab
2019-09-18,Purple,V4,,Flash,wall-boulders,736.4,,6ca8fe54fd63700ddea4dc246b195658
2019-09-18,Tan,V2,,Flash,wall-boulders,793.8,,2d935f4dfaf5b616c6e1ffde261b9508
2019-09-18,Yellow,V4,4,Flash,wall-boulders,793.8,Accidently went straight up & skipped the holds out right﹐ fun move though it might add to the grade.,15402dcbd8c819dc710b50a318e2dcfb
2019-09-18,Pink,V7,2,Red Point,wall-boulders,793.8,Felt like I almost broke my wrist on the second move on my first attempt﹐ climber beware. Cool climb minus the possibility of injury.,b85f1c1e8430bad746f8e5458b94365c
2019-09-18,Lime Green,V2,,Flash,wall-boulders,793.8,,25ec245f6be8ce6d5c1d64d77583f4b1
2019-09-18,Red,V3,4,Flash,wall-boulders,793.8,,d3544c647596be6c59c0938205a80fe9
2019-09-18,White,V0,,Flash,wall-boulders,793.8,,618463d442beee480595a1b1b7ce92d9
2019-09-18,Blue,V5,3,Red Point,wall-boulders,793.8,,c36ede8b4ef70f529728f52bf33ef83c
2019-09-17,Red,5.11c,5,Red Point,wall-back-wall,37.7,Great climb,3ac9c8ba5b6241548a92d6f7359f4faa
2019-09-15,Tan,5.10d,,Onsight,wall-back-wall,69.3,,4ebf196ab0509ec26d4082feee2ae397
2019-09-14,Red,V5,,Flash,wall-mezzanine,114.6,,98e6662df118952bce8162a2ff369eae
2019-09-14,Yellow,V2,,Flash,wall-mezzanine,114.6,,a3f9c8c4797fb47ca9fd263de8f09bdf
2019-09-14,Tan,V0,,Flash,wall-mezzanine,114.6,,b471c60f620aa203a0e14252cadfd771
2019-09-14,Blue,V2,,Flash,wall-mezzanine,114.6,,a96b01f564e6fc2d6a13e0102dc2e098
2019-09-14,Black,V7,,Red Point,wall-mezzanine,114.6,Matching the finish is tricky﹐ a little soft overall. Actually this recent mezzanine set is softer than normal.,d4991966275c6c0178022625d018c4a6
2019-09-14,Yellow,V4,,Flash,wall-mezzanine,114.6,,c499bebee6ec34257f866cbb8a269c04
2019-09-14,Pink,V4,,Flash,wall-mezzanine,114.6,,9652096aa9ba2f77d568f3e913dbfe6e
2019-09-14,Lime Green,V6,,Flash,wall-mezzanine,114.6,,0cc7238418e81d49b26dad6b2e6ba701
2019-09-14,Blue,V3,,Flash,wall-mezzanine,114.6,Stiff opening sequence for a v3,9269c2ddcbeb8b830cd54307f2feaae7
2019-09-14,White,V2,,Flash,wall-mezzanine,114.6,,b8e380d28450a709818d1440e651247a
2019-09-14,Yellow,V5,,Flash,wall-mezzanine,114.6,,78816d3a47677628315e8d986c3bcae0
2019-09-14,Pink,V3,,Flash,wall-mezzanine,39.7,,5b7d427c7e669dea5a5a015a72dd7c37
2019-09-14,Lime Green,V1,,Flash,wall-mezzanine,39.7,,749f9043c1316141f8ff111ed721ee23
2019-09-14,Red,V3,,Flash,wall-mezzanine,39.7,,77b38ce2608d5e418981ce707d32ea22
2019-09-14,Tan,V2,,Flash,wall-mezzanine,39.7,,e914438ba916019006a7620047544e15
2019-09-13,Yellow,V0,,Flash,wall-mezzanine,39.7,,b2afff501a376f665cdaeca5e6d23569
2019-09-12,Yellow,5.11c,,Onsight,wall-back-wall,1018.7,,2637b03b44b40dd09cce396172c15af3
2019-09-12,Red,5.9,3,Onsight,wall-back-wall,124.1,,fd3dabf53ebd596bc9f4269f16b629db
2019-09-12,Pink,5.12a,3,Onsight,wall-back-wall,70.1,,1b4a4181e98eeab23f95820d76c8800c
2019-09-08,Blue,V7,3,Red Point,wall-boulders,87.1,,7506d25fe3905fe1da1e0fbe97a0b833
2019-09-08,White,V6,3,Flash,wall-boulders,222.0,Challenging match to the finish,41e3cf22902518466fa7460d6a94ef9a
2019-09-08,Pink,5.12a,4,Onsight,wall-back-wall,1376.2,Cool toehook,75bc9f6ba0769c3a3db0e00027d94205
2019-09-08,Black,5.11a,3,Onsight,wall-back-wall,1330.2,,c9f1de0e3c73884f06b1cc9ef31bd920
2019-09-08,Tan,5.12a,4,Onsight,wall-back-wall,1310.0,,c0b15a8534d9e874d16ad3676ca32750
2019-09-08,Lime Green,5.10a,3,Onsight,wall-back-wall,1274.8,,7a74c7e536d444fa677359ee5ca64f21
2019-09-08,Red,5.11b,3,Onsight,wall-back-wall,1199.9,,86830592b11a1b3b4f75ebed1ef2f263
2019-09-07,Black,V2,3,Flash,wall-boulders,161.2,,56afa1da4583bef3e83f3fc151802db6
2019-09-07,Tan,V7,5,Red Point,wall-boulders,161.2,,7513b1238dbda17b80edccfdbeb72e33
2019-09-06,Purple,V0,3,Flash,wall-boulders,87.1,,f5b4c695403be6e2afebc8028c337747
2019-09-05,Yellow,V2,3,Flash,wall-boulders,87.1,,760e87c99b1d097e5ba8b34a0250f535
2019-09-05,Pink,V6,3,Red Point,wall-boulders,87.1,Chimneyed my way up my second go after slipping off the finish. I'll have to try the intended beta again.,1df756f8a40b61edfda26d1285aaef32
2019-09-05,Lime Green,V1,3,Flash,wall-boulders,87.1,,dd99d90fe7079f1d36a1dc02ed031108
2019-09-05,Tan,V5,3,Flash,wall-boulders,87.1,Tricky start with one hand on the volume.,be9945a8cc6f712a1b72507f6dfe4aac
2019-09-05,White,V5,4,Red Point,wall-boulders,87.1,Crimptastic,b7c13689b698b3281065cb5ee3402905
2019-09-05,Yellow,V4,3,Flash,wall-boulders,87.1,,6137b4922054345323f256a25c42e384
2019-09-05,White,V3,3,Flash,wall-boulders,161.2,,fc699d285a584213971fabadcaec87b8
2019-09-05,Red,V0,3,Flash,wall-boulders,161.2,,3b9e1b133dd398a6d0179788260ef8f6
2019-09-05,Tan,V7,5,Red Point,wall-boulders,161.2,Not sure if I broke the beta or unlocked it. Cool climb either way.,7513b1238dbda17b80edccfdbeb72e33
2019-09-05,Blue,V4,3,Flash,wall-boulders,161.2,,62651f8507df29424815e4b791189074
2019-09-04,Yellow,5.11d,3,Onsight,wall-back-wall,830.9,,d203fe84501b13395cb71028ef9013ae
2019-09-04,Black,5.12b,3,Onsight,wall-back-wall,1251.0,,e49b62c8b3df1017f923d345a45b6cb2
2019-09-04,Black,5.9,3,Onsight,wall-back-wall,56.8,,6e189cffec5982c21cf831eec2a0d19a
2019-09-04,White,5.11b,4,Onsight,wall-back-wall,56.0,,e503a2718a7cee63f5c30eec90afbe0a
2019-09-04,Purple,5.10b,3,Onsight,wall-back-wall,17.9,Pretty fun﹐ but a bit stiff for 10b (also reachy).,e5b107a70f3476120b75b68fb794a2ee
2019-09-04,Pink,5.7,3,Onsight,wall-back-wall,-1.5,,2fa4d14d7592de53b6dccacf8c9a0238
2019-09-04,Tan,5.8,3,Onsight,wall-back-wall,-2.4,,a5e51f5ec204b69b0cbb466f9ce1c08e
2019-09-04,Black,V5,4,Red Point,wall-boulders,222.0,,3590a39b349058fa67edc593965dde68
2019-09-04,Lime Green,V3,4,Flash,wall-boulders,161.2,?,3d42969f22b6a2afa66d685db3463402
2019-09-03,Tan,V6,3,Red Point,wall-boulders,581.0,,da0e63e190fffafeff8c4fd9cebf8e25
2019-09-01,White,V5,3,Flash,wall-slab,192.9,,2200485c6003c051c8b53f4c9a7e176c
2019-08-28,White,V4,3,Flash,wall-boulders,423.0,,eb66d17374a910a3acc17aa3826755e7
2019-08-28,Yellow,V4,3,Flash,wall-boulders,581.0,,d7888925e25a8f263539e0ba6f1d9ba7
2019-08-28,Blue,V7,3,Red Point,wall-boulders,581.0,,3b4f9de89ff8aeca52c51e13d2d0e8e3
2019-08-28,Lime Green,V3,3,Flash,wall-boulders,581.0,fun. cool holds,6f9db8144fad396c3d38380e71a4ddaa
2019-08-28,Blue,V4,3,Red Point,wall-slab,48.7,,ab16f43a1623edfaed946ff6ecbe5004
2019-08-28,Tan,V3,3,Flash,wall-slab,48.7,,1d9d0840f2c282dfab7fd12adc752462
2019-08-28,Black,V2,3,Flash,wall-slab,48.7,,86e367997591f0d4741a009e32994b56
2019-08-28,Red,V1,3,Flash,wall-slab,48.7,,16a9517132fea170dec60fed81a55182
2019-08-28,Yellow,V6,3,Red Point,wall-slab,48.7,,35b5b515ccf2ae1cdb64e65e98eed629
2019-08-28,Lime Green,V0,3,Flash,wall-slab,48.7,,a95b543a2a87118f1613f9d1a6405c58
2019-08-28,Pink,V4,3,Flash,wall-slab,118.8,,68cbc88bb87e8ea4847e9035451e84ed
2019-08-28,Yellow,V2,3,Flash,wall-slab,118.8,,c4ba75ef856a13a7268e0cfc53a14a36
2019-08-28,White,V5,3,Flash,wall-slab,118.8,,d5e87b9f9ea2fbe4d0c2ccbc25cb36c7
2019-08-28,Black,V5,3,Flash,wall-slab,118.8,,80e3645821b08bcf5de64ff8f633a67c
2019-08-28,Tan,V8,5,Red Point,wall-slab,118.8,,12e8de978b0e5b87405962f6960c422f
2019-08-28,Red,V3,3,Flash,wall-slab,118.8,,e43b557dd2a9ee8205275eb114001368
2019-08-28,Yellow,V6,3,Flash,wall-slab,118.8,,1279c0f014d89c2f1350b164d2b3b81a
2019-08-28,Lime Green,V4,3,Flash,wall-slab,192.9,,92c15a3408bc75be846c70ede690dfc9
2019-08-28,Black,V0,3,Flash,wall-slab,192.9,,7da2163c087b7efec38d3a0cb3c1c92b
2019-08-28,Blue,V4,4,Flash,wall-slab,192.9,,16115e5c09bcba49a9e0b44e3b2d21c7
2019-08-28,Pink,V5,3,Flash,wall-slab,192.9,,8c240cf8241c21fdfa124acaf4884816
2019-08-28,Yellow,V1,3,Flash,wall-slab,192.9,,e2caaccc80deddfd3b0086ee36f4546c
2019-08-27,Blue,5.12c,4,Red Point,wall-back-wall,1274.8,,f4d0f700290745d4fa16c1bb97297dba
2019-08-27,Red,5.11b,3,Onsight,wall-island,561.5,,87fa5bd33415e4cc21c5908b47cb6d7e
2019-08-27,Lime Green,5.10a,3,Onsight,wall-island,589.6,cool problem﹐ not 10a though,0b0b27207e3997e7919f9f9a13a2c4a3
2019-08-26,Yellow,V7,4,Red Point,wall-boulders,423.0,,3bf060f49d59f295193051a365068583
2019-08-26,Black,V4,3,Flash,wall-boulders,423.0,,2ac1a4d9550b84b7177b087ea87c7ab6
2019-08-26,Blue,V1,3,Flash,wall-boulders,423.0,,d44bb3bcc87ce3657f0207d47a911bb5
2019-08-26,Red,V5,3,Flash,wall-boulders,423.0,,1c0cac2ec8dad9cc6a609e702cac14e6
2019-08-26,Lime Green,V6,3,Red Point,wall-boulders,423.0,,3822ebc9d4ab9ed882adafeb3d3f0314
2019-08-26,White HIGH START,V2,3,Flash,wall-boulders,505.7,,e23c967f7f6f07cf4ae943c03728fdd2
2019-08-26,White LOW START,V3,3,Flash,wall-boulders,505.7,,5f0ca5dd740c0ed847a28e45498c997f
2019-08-26,Pink,V2,3,Flash,wall-boulders,423.0,,427592862c20764c827a3d1e4aa85cdb
2019-08-24,Yellow,5.12a,3,Onsight,wall-back-wall,1376.9,,6d0b3727ec762401e553d12034b68424
2019-08-24,Blue,5.11b,3,Onsight,wall-back-wall,608.4,,658defabf37eb3713f3041df9cac69bd
2019-08-24,Purple,5.10d,3,Onsight,wall-back-wall,532.7,,b1c3c33283a197c5f37c084e37b72b1a
2019-08-24,Blue,5.11b,3,Onsight,wall-island,127.1,,2b00305ba3f65f4a2fe22e7f95dc98c1
2019-08-24,White,5.11a,3,Onsight,wall-island,76.0,,4ffec08fc77dfe65808fbf1d39b0b1ba
2019-08-24,Pink,5.11d,3,Onsight,wall-island,43.2,,a42b685ad4a17bedbffaa772b613a276
2019-08-24,Lime Green,5.11c,3,Onsight,wall-back-wall,191.4,,8a10a1fba19ba667f9d321f28d689a46
2019-08-24,Red,5.9,3,Onsight,wall-back-wall,165.3,,b11aa27aae898c8e7da38b7dfc5f35a8
2019-08-24,Yellow,5.10c,3,Onsight,wall-back-wall,69.3,,74b2961a251ccacd600fcedfae19a33d
2019-08-24,Purple,5.10c,3,Onsight,wall-back-wall,37.7,,b1aefff0a92480d7f980b36c205c56d6
2019-08-24,Lime Green,5.9,3,Onsight,wall-back-wall,16.3,,2055a908cc9ff43d3efd8440726b966c
2019-08-24,Red,5.10a,3,Onsight,wall-island,395.6,,9c3f303b496709bbe9bd54ee4fdbd4fd
2019-08-24,Yellow,5.8,3,Onsight,wall-island,394.7,,287316120d0409bc18f17c1736d9a540
2019-08-23,Red,5.12c,4,Top Rope,wall-island,227.5,pretty fun,e89b1c4241881f01a8d67ce4f6e3cfed
2019-08-21,White,5.11d,4,Onsight,wall-back-wall,1167.3,,2cf275368462dae66a937154f6718d24
2019-08-21,Yellow,5.11d,3,Onsight,wall-island,504.9,,7eef1e35124536455f46472426aa87f7
2019-08-21,Red,5.10d,2,Onsight,wall-back-wall,1141.8,,888e3c96a8833055ea7a0bc0f7a8f8b3
2019-08-21,Pink,5.10c,3,Onsight,wall-back-wall,1098.7,,eab0cc529a1afb04efd92dd570fbfee5
2019-08-21,White,5.12d,3,Top Rope,wall-island,280.7,Felt like 11d/12a﹐ though there are definitely some harder 11s in the gym. Fun though.,ce87c51f54a6a0dd2298bfcf1cf108ed
2019-08-18,Yellow,5.12c,5,Red Point,wall-back-wall,946.0,A proud send. I had to work the moves on this over a few sessions. The crux for me was the first few moves through the crimps at the top. Great climb.,0645519ebf1ba19ab94d9530d190ff22
2019-08-18,Black,5.12a,3,Onsight,wall-island,445.8,Soft for the grade with a couple nice rests﹐ but fun.,1e00dd6146ad1ccb046cd4b9a1f69b02
2019-08-18,White,5.10a,3,Onsight,wall-island,444.9,,64d2a541fe0da74096960aa06e2e97c7
2019-08-18,Purple,5.11d,3,Red Point,wall-island,420.7,Heady crux sequence at the sixth (?) bolt.,e0620a64e2424a60d2765bfc17b2b9f3
2019-08-18,Blue,5.11c,3,Onsight,wall-island,365.2,,d3183e0bf9f02a9bec91ef3e45421913
2019-08-15,Purple,V0,3,Flash,wall-boulders,288.8,,f10a4d4da7e62f05ef746f7772c94079
2019-08-15,Red,V3,3,Red Point,wall-boulders,288.8,,70f1e42d83d2a0fdebfba775ec44aa0a
2019-08-15,Tan,V5,3,Flash,wall-boulders,288.8,,6ce6bc1b5641dab48a0695e483397714
2019-08-15,Yellow,V1,3,Flash,wall-boulders,288.8,,5d8fe7258d69f53c882118472065ac47
2019-08-15,Blue,V5,3,Red Point,wall-boulders,288.8,,e683077003fa80aea4363cb9f8f991b0
2019-08-15,Purple,V4,3,Flash,wall-boulders,288.8,,929f37755f767ba8fcae6dc1be7965d9
2019-08-15,Lime Green,V6,4,Red Point,wall-boulders,288.8,,37aba23ecdcf32f48d7e10f82b53b466
2019-08-15,Black,V1,3,Flash,wall-boulders,359.0,,625f3e41d943a2dbb2ef97d44a7dddfd
2019-08-15,Yellow,V6,3,Flash,wall-boulders,359.0,,30af3316bda6cf013c691ff7da392e99
2019-08-15,White,V3,3,Flash,wall-boulders,359.0,,581f23a2b36f83ca5892ed4deec9a829
2019-08-15,Pink,V3,3,Flash,wall-boulders,359.0,,c704c7cd8e4d17bafc3316d9b5d8690e
2019-08-15,Black,V4,3,Flash,wall-boulders,359.0,,e71a873abc2f22362390cc6600817661
2019-08-13,Blue,5.11c,5,Onsight,wall-back-wall,388.4,great movement,8f8cc5963c1a08c1c33362ae85c7ab80
2019-08-13,Red,V7,3,Red Point,wall-boulders,667.3,,26e5e3fc7b7aa23eb2340a183d7f6f1d
2019-08-05,Tan,5.10d,3,Onsight,wall-back-wall,141.7,,547df4322dc6717ab09007155db76c64
2019-08-05,White,V6,3,Flash,wall-mezzanine,114.6,,73c1fda96bdbf55ed61afd7210f12d99
2019-08-05,Black,V5,3,Flash,wall-mezzanine,114.6,,6188ad887724335b82ff6059305a1cf1
2019-08-05,Red,V3,3,Flash,wall-mezzanine,114.6,,970e1d439d6d268458191977a746d839
2019-08-05,Lime Green,V0,3,Flash,wall-mezzanine,114.6,,c35becc91d20108c4f38d75e05af4905
2019-08-05,White,V2,3,Flash,wall-mezzanine,114.6,,e1bcdf4c7edc221f1642dbae3fbd5612
2019-08-05,Blue,V4,4,Flash,wall-mezzanine,114.6,,bb3a4ab64ad67942230bcd3c9d24b8f6
2019-08-05,Yellow,V1,3,Flash,wall-mezzanine,114.6,,242cb2028e57149096377d05d639417c
2019-08-05,Black,V7,4,Red Point,wall-mezzanine,114.6,That finish match went from impossible to very comfortable. ,95352ce8aba7fc432be8429ea0e2b8d0
2019-08-05,Blue,V5,3,Flash,wall-mezzanine,114.6,,00da261339892866f1b5ed5d9756f2a8
2019-08-05,Lime Green,V4,3,Flash,wall-mezzanine,114.6,,3ca3ebdbf4fd8f67dd222d95bffa8579
2019-08-05,Black,V3,3,Flash,wall-mezzanine,39.7,,ba083da69c5ae74b27c16b526ad4b461
2019-08-05,Pink,V6,5,Red Point,wall-mezzanine,39.7,,a445b0cfe9d6df688fd10c8f6e938843
2019-08-05,Tan,V5,3,Red Point,wall-mezzanine,39.7,,2bf67d03cf69303c3d53258196e8b0e7
2019-08-05,Red,V2,3,Flash,wall-mezzanine,39.7,,4761f786ad08afcd03c838cff3404237
2019-08-05,Blue,V0,3,Flash,wall-mezzanine,39.7,,d30b307a563ee53cb4633458c56a92a2
2019-08-05,White,V5,3,Flash,wall-mezzanine,39.7,,6ed50f9e821dadade576b1cf9a39a3d1
2019-08-05,Yellow,V0,3,Flash,wall-mezzanine,39.7,,92aeabd830d75a8e2d9160edd4c4fb01
2019-08-02,Red,V7,3,Red Point,wall-boulders,161.2,,54f0324e1b3887b6f37ced74fc34cef3
2019-08-02,Red,V7,3,Red Point,wall-boulders,161.2,,b4456f60d09a604feb0e5a85573d8e34
2019-08-02,Yellow,V7,3,Red Point,wall-boulders,161.2,,3823bf4f34ea60597143917247eb1085
2019-08-02,Blue,5.11c,3,Red Point,wall-back-wall,921.4,Felt harder than the black 12d on the same wall,8ff8ccb0e9f6cadd5fac00e8cd5975d9
2019-07-30,Black,5.12d,3,Red Point,wall-back-wall,1045.1,,468bf537ad9d79c4c95732d909604162
2019-07-29,Black,5.11b,3,Onsight,wall-back-wall,1386.5,,10b2f95fab31a5225208af3d46fffd16
2019-07-28,Red,5.10c,1,Onsight,wall-back-wall,945.1,,70e00a9d01d314ceac9ca4ff2817e3df
2019-07-27,Red,5.12b,5,Red Point,wall-island,315.9,Had to work hard on this one﹐ ended up really liking it.,8f9bdd413a4fc43f890355967479a4ac
2019-07-27,White,5.11b,4,Onsight,wall-back-wall,967.8,nice movement,90e88e6a6dd99194da8e293b9f9eecfb
2019-07-24,Purple,5.12a,5,Onsight,wall-back-wall,895.6,Interesting﹐ nice bouldery big moves,15caa1753c9eb7ba7e829ff8179ab042
2019-07-24,Black,5.10d,3,Onsight,wall-back-wall,190.5,,96722ec5a6af4b7ab12468b453c4ea09
2019-07-24,Blue,5.9,3,Onsight,wall-back-wall,221.9,,90aa23562cd1f9327d6fede78e6a38e5
2019-07-24,Pink,5.11d,4,Onsight,wall-back-wall,243.4,,c4c61dac2f994f694391af970bb51085
2019-07-24,White,5.8,5,Onsight,wall-back-wall,243.6,,4344b1df591af5afa7d57831575cc8aa
2019-07-24,Purple,5.10c,3,Onsight,wall-back-wall,251.9,,35d6842afe37e98522fc771e02ae6559
2019-07-24,Black,V7,4,Red Point,wall-boulders,581.0,,222c1e81947c615fd07b79ac2acc2586
2019-07-24,Black,V7,4,Red Point,wall-slab,48.7,,ed8559cea4f56e650355b065ea9def24
2019-07-24,Lime Green,V6,4,Red Point,wall-slab,48.7,,de48b5fccc1075f35af795c863c8bd35
2019-07-24,Blue,V5,3,Red Point,wall-slab,118.8,,b735ee5fc23723f5f14eb866a7a134c1
2019-07-23,Pink,V2,3,Flash,wall-boulders,222.0,,05924c0693537187d4cb03096ffe46a6
2019-07-23,Yellow,V5,3,Flash,wall-boulders,222.0,,dd4295c254e1fe73c10f31cc8fe0c673
2019-07-23,Black,V0,3,Flash,wall-boulders,222.0,,66e3b2861fb139e80c0f70a3db293211
2019-07-23,White,V3,4,Flash,wall-boulders,87.1,,9bbc2e3293d69160945d5794d3e14b3b
2019-07-23,Red,V3,4,Flash,wall-boulders,87.1,,10ff77a009203fc65f054e56c7404b11
2019-07-23,Black,V2,3,Flash,wall-boulders,87.1,,88ce1de5a9f5a94dfe8e334a1d00e541
2019-07-23,Blue,V5,3,Flash,wall-boulders,87.1,,2f42405f19519d2694320dda0724b767
2019-07-23,White,V0,3,Flash,wall-boulders,87.1,,fd3f4e2e0f09615464bae5ba07f9ee81
2019-07-23,Lime Green,V7,3,Flash,wall-boulders,87.1,Skipped the left hold...,346d41415c04d79fa3c6101859eafd1e
2019-07-23,Lime Green,V3,3,Flash,wall-boulders,161.2,,e8076d96542c51c34bf5a33fdae6d990
2019-07-23,White,V1,3,Flash,wall-boulders,161.2,,2fb86a77df85f35098b30250861aa2a5
2019-07-23,White,V1,3,Flash,wall-boulders,161.2,,16274d2086f05c8bc15960c37b0fbabf
2019-07-23,Lime Green,V3,3,Flash,wall-boulders,161.2,,d9b5fc7a373881337bab2c6517402665
2019-07-23,Blue,V3,3,Flash,wall-boulders,161.2,,20578db1d6fea207ca9d5dfd11cce5f6
2019-07-23,Black,V4,3,Flash,wall-boulders,161.2,,3780a16a30925d61c5e9b9a206d04867
2019-07-23,Pink,V5,4,Flash,wall-boulders,161.2,The pocket finger swap was interesting,bd900a36736dacdab8b8fd16268e7f16
2019-07-23,Tan,V0,3,Flash,wall-boulders,161.2,,cd8a640ef189dfc80aa3f3ebe676ca2a
2019-07-17,Pink,V5,3,Flash,wall-slab,48.7,,23abe27a107a9dc131b34a126e870c7d
2019-07-17,Yellow,V3,3,Flash,wall-slab,48.7,,8bb82755b24c03843ffa8450a46bf7e8
2019-07-17,Tan,V0,3,Flash,wall-slab,48.7,,bb92a89554504aa6c3147433d9a18d52
2019-07-17,White,V5,3,Flash,wall-slab,48.7,,ac9b02688d9a8e2b9d1050ab2971bca1
2019-07-17,Yellow,V1,3,Flash,wall-slab,118.8,,7531357f5562b837cb424c0a37b1fe29
2019-07-17,Red,V1,3,Flash,wall-slab,118.8,,51d8673246bb3453d7277b103df5bfc0
2019-07-17,White,V2,3,Flash,wall-slab,118.8,,fe83d69e47a63aca4fac26c673570a33
2019-07-17,Tan,V3,3,Red Point,wall-slab,118.8,,1bbf3783a9ae92700503fb1ba84bc5db
2019-07-17,Black,V4,3,Flash,wall-slab,118.8,,4d57466edd49bb5d783b1ddb42928579
2019-07-17,Pink,V4,3,Flash,wall-slab,118.8,,b4979a8e98e9d7747793163867674ec3
2019-07-17,White,V6,5,Red Point,wall-slab,118.8,,59c1a573bd9a8925f4345a3856ad24c6
2019-07-17,Yellow,V2,3,Flash,wall-slab,192.9,,024ac2ea91f9dadde2a830106ba6576c
2019-07-17,Blue,V5,4,Red Point,wall-slab,192.9,,c8387124129882e7a8a487aa9c7ba2eb
2019-07-17,White,V4,3,Flash,wall-slab,192.9,,1570185f64a08df61153006a3e33dc5f
2019-07-17,Tan,V1,3,Flash,wall-slab,192.9,,d7ad535c19adf449ec1c70f7385d1dda
2019-07-17,Black,V3,3,Flash,wall-slab,192.9,,6d6103c0004d53dd3f364525450f0ed8
2019-07-17,Lime Green,V1,3,Flash,wall-slab,192.9,,f945c9a6a1b77e8d81c5c95890e65672
2019-07-09,Black,V2,3,Flash,wall-boulders,505.7,,44e6926b91538672ada48b8f3ed90aa7
2019-07-09,Lime Green Low Right,V4,3,Flash,wall-boulders,505.7,,8003cb0384b3e120e15a648b51569c44
2019-07-09,Lime Green High Right,V3,3,Flash,wall-boulders,505.7,,80715b8ea9285a07719cb07f262bbbfc
2019-07-09,Blue High,V4,3,Flash,wall-boulders,423.0,,7d4d846bba97f79a489db2b10512b09e
2019-07-09,Yellow High,V5,4,Red Point,wall-boulders,423.0,,1e268d0329179798d2f3064706ad456d
2019-07-09,Black High,V6,4,Flash,wall-boulders,423.0,,420a211e0ee63fd824edc658e768a127
2019-07-09,Lime Green,V0,3,Flash,wall-boulders,581.0,,00e85a17ac2b01aecbb44ee0964f931b
2019-07-09,Tan,V6,4,Flash,wall-boulders,581.0,,6e0db353257495d49968bdca273a2313
2019-07-09,White,V1,3,Flash,wall-boulders,581.0,,7cf75fef8979ae389e2b7c960668e4d4
2019-07-09,Blue,V4,5,Flash,wall-boulders,581.0,,a46a976281521c6f49d3e5918b59ea89
2019-07-09,Pink,V5,3,Flash,wall-boulders,423.0,,5f8f5e63ee2e1dc05767cf0d4e73d4a2
2019-07-09,Red High,V5,3,Red Point,wall-boulders,423.0,,249603057cc01dd22afe9a1fef5c7115
2019-07-06,Red,5.12b,4,Red Point,wall-island,141.6,Fun fun,decb82b841b408466c3e214464d6d6b9
2019-07-06,Black,5.9,3,Onsight,wall-auto-belay,342.5,,05bc170da7f37cdac0abc971cfbf7905
2019-07-06,Pink,5.12c,3,Top Rope,wall-auto-belay,341.8,spicy finish,3bc407d200f45201e75361099ddb557f
2019-07-06,White,5.5,3,Top Rope,wall-auto-belay,343.2,,1577ddb802b7659d0c7a7e5caa708e9c
2019-07-03,Red,V4,2,Red Point,wall-boulders,288.8,,51a75aebb7bf5286bbe390eb0e30fb3a
2019-07-03,Yellow,V0,3,Flash,wall-boulders,288.8,,f0023a9020b734a4863762f380a4bfa4
2019-07-03,Tan,V1,3,Flash,wall-boulders,288.8,,96292de46b4e248fabcbcd66b2debb12
2019-07-03,Blue,V8,3,Red Point,wall-boulders,288.8,Volumes helped,b5c1e9362c0d1a1f34d75d859137923b
2019-07-03,White,V2,3,Flash,wall-boulders,288.8,,30008c548df083af64980795154ba480
2019-07-03,Lime Green,V3,3,Red Point,wall-boulders,288.8,,894da0512af2c746df65859b1d4b46d6
2019-07-03,Yellow,V5,3,Flash,wall-boulders,288.8,,a6fa7f274dc5f01060128bd566af79d4
2019-07-03,Tan,V2,3,Flash,wall-boulders,359.0,,661b31e0eb064cc9b914c403f6a78248
2019-07-03,Red,V3,3,Flash,wall-boulders,359.0,,59ee0fe609e4fb9644badfd8c0a83cae
2019-07-03,Black,V6,5,Flash,wall-boulders,359.0,,d1cf9cc363a9c9232c5332ad22b8b04f
2019-07-03,Blue Left,V2,3,Flash,wall-boulders,359.0,,546afc075597d0419b9fa38142bd2868
2019-07-03,Green,V6,3,Red Point,wall-boulders,359.0,V5/V6,3fcc0a33a56e39c399ec39618a535f4d
2019-07-03,Blue,5.11d,3,Onsight,wall-island,590.5,,e308a05ef4a45b3f43269d2c2ab96637
2019-07-03,Pink,5.10c,3,Onsight,wall-island,560.7,,2d2d89f2311a4e8b466c58fe5eaca437
2019-07-03,Yellow,V5,3,Red Point,wall-boulders,359.0,,b2910f0d4e969430e10014b512679bc2
2019-07-03,Purple,5.12a,3,Onsight,wall-island,561.5,,e5d8b6e0417cebd4071adb0b45eb0eba
2019-06-30,Blue,V7,4,Red Point,wall-boulders,667.3,,683051e20a49efe0a56d7319a68526cb
2019-06-30,Pink,V6,3,Flash,wall-boulders,736.4,,9b96b7bdb42a7c191dc81f8331b4313c
2019-06-30,Lime Green,V6,4,Red Point,wall-boulders,736.4,,b1db6c1d3272e79c2d8dd4dd4c4463be
2019-06-28,Black,V5,3,Flash,wall-boulders,793.8,,d3a2d45593701d55788fc233588f1504
2019-06-28,Yellow,V5,3,Red Point,wall-boulders,736.4,,d449c3565034ff371fe6b52643d53e14
2019-06-28,Black,V5,4,Flash,wall-boulders,736.4,,1014e66a5332d24fad4073a8d3124cde
2019-06-28,Tan,V4,3,Red Point,wall-boulders,667.3,,92a1dfda6f20775d246716e5eedd6279
2019-06-28,Blue,V4,4,Flash,wall-boulders,736.4,,a5678d795e55e3b9b4a098ca77021bef
2019-06-28,White,V3,3,Flash,wall-boulders,793.8,,dc22e056c53bea7211bde34eaaf3b79d
2019-06-28,Red,V3,3,Flash,wall-boulders,667.3,,cb4fc02d93152b28c723804b78dcb7b7
2019-06-28,White,V2,3,Flash,wall-boulders,667.3,,9c8923a43dfdfbb7a30e15635bb87f25
2019-06-28,Lime Green,V2,4,Flash,wall-boulders,793.8,,251d52490fcdb4f8d5c9f0aa65dcfbdc
2019-06-28,Tan,V1,3,Flash,wall-boulders,793.8,,808ff2ac7d083bdad288cda3be76b4bc
2019-06-28,Yellow,V0,3,Flash,wall-boulders,793.8,,712fde24ff1ccde003d3599a5b7b22af
2019-06-28,White,5.10b,3,Onsight,wall-island,504.9,,4685685bb9dcb264f347684968d5bc74
2019-06-28,Pink,5.11b,3,Onsight,wall-back-wall,1200.6,,d5b451326b50297add8966e21258f271
2019-06-27,Red,V6,5,Flash,wall-boulders,793.8,,669fb7797907bc86a00bb2800035be2b
2019-06-25,White,5.12a,3,Red Point,wall-island,75.0,,65f9af9a938615f0a793c77652d4b3c8
2019-06-25,Red,5.11c,3,Onsight,wall-island,470.0,Maybe more like 11c. Fun moves,5f0905fbbf2eea617a08f4e3fa1d65ec
2019-06-25,Black,5.11b,3,Onsight,wall-back-wall,1175.7,,ade052ca9209279ae58bdc1189bc14c5
2019-06-25,Yellow,5.10c,3,Onsight,wall-red,24.0,,6957b08839b74bca6fc40517a45c9ace
2019-06-25,Blue,5.10b,3,Onsight,wall-auto-belay,149.5,,3a71f71cfad3b03a0b536d1be2a37d25
2019-06-25,Tan,5.8,3,Onsight,wall-auto-belay,150.1,,079cdf71146f1a0495427e173343df72
2019-06-25,Purple,5.12a,3,Onsight,wall-auto-belay,173.7,,3a8d955dcba65358cf602c2c64f2bbab
2019-06-25,Pink,5.11a,3,Onsight,wall-auto-belay,174.3,,f8db0c6decb68371fba55f9ea9089c2d
2019-06-25,Grey,5.8,3,Onsight,wall-auto-belay,174.9,,fe11812fcac7834f8a74d7e26c121ec8
2019-06-25,Blue,5.10b,3,Onsight,wall-auto-belay,196.9,,e6c65bfcc9972383397bf8da8ad04097
2019-06-25,Yellow,5.9,3,Onsight,wall-auto-belay,197.6,,7d6f7cf2d85eb971c8065fa263394d77
2019-06-25,Lime Green,5.7,3,Onsight,wall-auto-belay,198.2,,680f11478a48d5e550696f3d5e55269b
2019-06-25,Red,5.8,3,Onsight,wall-auto-belay,222.1,,ec79ea8732434926d7523c023acdfe4c
2019-06-25,Purple,5.10b,3,Onsight,wall-auto-belay,222.7,,9330fa9475d9b4878c1d0032966fe8b1
2019-06-25,White,5.7,3,Onsight,wall-auto-belay,223.4,,c3d434d10898f317038b3239448b2064
2019-06-25,Blue,5.11a,3,Onsight,wall-auto-belay,249.8,,636bc20e5e0078a73c434d938bf52ffb
2019-06-25,Yellow,5.9,3,Onsight,wall-auto-belay,250.5,,defe8581ac57cf46d7b195afe447b740
2019-06-25,Lime Green,5.6,3,Onsight,wall-auto-belay,251.1,,2f32522e3d058ab307a6e1b568b70622
2019-06-25,Pink,5.12a,4,Onsight,wall-auto-belay,273.1,crimptastic,24e4df865ba629536c2f96cfc9ab2ff6
2019-06-25,Tan,5.9,3,Onsight,wall-auto-belay,273.7,,928fe6822e8f620ec4c732d73f9dab4e
2019-06-25,Black,5.10c,4,Onsight,wall-auto-belay,274.3,,4b4a0b7db50f60e05bc1bbf48ab41a32
2019-06-25,Purple,5.9,3,Onsight,wall-auto-belay,302.7,,ff6a22ccc7f31eaae0a513e92e45a2db
2019-06-25,Lime Green,5.8,3,Onsight,wall-auto-belay,303.3,,2f2e80b079f6e41bae739c649c5c1f9b
2019-06-25,Yellow,5.10d,3,Onsight,wall-auto-belay,304.0,,5d53b964cf0a424cfba9ab65bf391342
2019-06-24,Lime Green,V8,5,Red Point,wall-slab,48.7,I enjoyed working the moves on this guy,c5bfe19488178802dcbcfc352b50b590
2019-06-20,White,V5,3,Red Point,wall-mezzanine,114.6,Aggressive finish move,fc33d9e1e568107e7e22e389576daea8
2019-06-20,Blue,V7,4,Red Point,wall-mezzanine,114.6,,fc5a9d8782a581d3c082eb044d33b13c
2019-06-20,Red,V6,2,Red Point,wall-mezzanine,114.6,As a taller climber﹐ that start was incredibly uncomfortable,c987c0b9d105f145d10a81f3e7b63f4b
2019-06-19,Pink,V3,4,Flash,wall-mezzanine,114.6,,fbc634fc6ded690b3aa43cc1bb49cf88
2019-06-19,Lime Green,V0,3,Flash,wall-mezzanine,114.6,,aa86e57d5246ce75779426b278d65036
2019-06-19,Blue,V2,3,Flash,wall-mezzanine,114.6,,11285f9012fc021cdb7172254e56ca15
2019-06-19,Yellow,V6,4,Red Point,wall-mezzanine,114.6,,1e408e17930f0165977da6fbb4646485
2019-06-19,Black,V3,3,Flash,wall-mezzanine,114.6,,4be8a4740365c4b996e349f5ed617053
2019-06-19,Tan,V1,3,Flash,wall-mezzanine,114.6,,a2f08ae1ac5a2e20202a02a64c262b59
2019-06-19,Yellow,V3,3,Flash,wall-mezzanine,39.7,,a6b87eaa911280f8dcb91999378ca22e
2019-06-19,Lime Green,V4,3,Flash,wall-mezzanine,39.7,,c4d1689c1baa960ab07bcfeffaab2375
2019-06-19,Red,V2,3,Flash,wall-mezzanine,39.7,,7818d08c66315fd5020e5b9ab6c6388d
2019-06-19,Yellow,V1,3,Flash,wall-mezzanine,39.7,,0797a78e67b6e3d050b1d94bc516105b
2019-06-19,Tan,V4,3,Flash,wall-mezzanine,39.7,,1ea1949f3a7aa7d7a0a02540ae4e5156
2019-06-19,Blue,V4,3,Red Point,wall-mezzanine,39.7,,589a5e622590b4c8cfaeb5ad47b866d8
2019-06-19,Pink,V1,3,Flash,wall-mezzanine,39.7,,857955d052cbc5c5af5d37e400ef5cb4
2019-06-19,Black,V5,5,Red Point,wall-mezzanine,39.7,Great climb,a67f7c9fd7f30c887585d9aba4b5859a
2019-06-13,Blue,5.12a,5,Red Point,wall-red,230.7,bouldery fun,9432ba1371f7d45bc2842a5ef30d6098
2019-06-13,Lime Green,5.12d,5,Red Point,wall-island,364.3,great climb,fc964d202a6e52abc673ec1f13a9926c
2019-06-13,Pink,5.10c,3,Onsight,wall-back-wall,994.6,,019e46e14081118fb84e57e406e1c58e
2019-06-13,Yellow,V4,3,Red Point,wall-boulders,161.2,,501c4134a27503f1cfc6655d3b01597e
2019-06-13,Tan,5.12a,4,Red Point,wall-back-wall,967.8,,2707072e4809f5469e355f1bfe13fff7
2019-06-13,Purple,5.11b,2,Onsight,wall-back-wall,870.9,,fbccb6581018f3a70c92a210a02c22c7
2019-06-13,Black,5.8,3,Onsight,wall-island,445.8,,2e5fbea6a7c1075dd3824cdc2758b532
2019-06-12,Red,V8,3,Red Point,wall-boulders,161.2,,06fb6f050ddc0bc23c647633f47fd8cf
2019-06-12,Black,V7,5,Red Point,wall-boulders,87.1,,8037ee9fb163ef9998639923611be199
2019-06-12,Yellow,V1,3,Flash,wall-boulders,87.1,,b6330542ed4c5f204a0e49244999f4e0
2019-06-12,Lime Green,V6,3,Flash,wall-boulders,222.0,,8389a51957ee08d13d13ac12087c473d
2019-06-12,White,V6,4,Flash,wall-boulders,161.2,,a6eda49586aa646f6fd0080ade0de8cf
2019-06-12,Pink,V5,3,Flash,wall-boulders,222.0,,47736126d9822349454e6d271b0bd2c1
2019-06-12,Yellow,V4,3,Flash,wall-boulders,222.0,,b1c7091b162d86db5ef9c1e5a940d84d
2019-06-12,White,V2,3,Flash,wall-boulders,222.0,,de0fb48481d9886c19b13e9743dee092
2019-06-12,Tan,V3,3,Flash,wall-boulders,161.2,,ef3dd7a6f60cb3a959c9e6ecd8e4d120
2019-06-12,Pink,V2,3,Flash,wall-boulders,87.1,,9c18bcd4d43a9be39b94dd354f427a08
2019-06-12,Lime Green,V3,3,Flash,wall-boulders,161.2,,f0f6ffbf9081ddbc8493d256832b1038
2019-06-12,Black,V1,3,Flash,wall-boulders,161.2,,375c381ba71d171854d3f99d4664192c
2019-06-12,White LEFT,V5,2,Red Point,wall-boulders,87.1,,5d0162852fa06f4577389d1341b9db17
2019-06-12,Blue,V5,4,Red Point,wall-boulders,161.2,,83fcab3a32197d92ff8c9da27bd9d083
2019-06-10,Black,5.10c,3,Onsight,wall-back-wall,968.7,Some spicy moves. Felt like 11b﹐ or maybe I just had terrible beta.,1db2b75ce2f103b6d31a0ed1ce67d73c
2019-06-10,Yellow,5.8,3,Onsight,wall-island,353.3,,86cdf6173da848f96c31d44b7b142307
2019-06-10,Pink,5.8,1,Onsight,wall-island,315.9,Pretty awkward the whole way. ,9154698584376d84d56d7b1b19bc0ca3
2019-06-08,Blue,5.10d,3,Onsight,wall-island,395.6,,5099347f5f8eb29a315bedeeb0831a43
2019-06-08,Yellow,5.12a,3,Onsight,wall-island,421.6,,a77f790262a006ff8c3a87cea18cc05a
2019-06-08,Tan,5.11b,3,Onsight,wall-island,444.9,,8e58818eb11e715d4ab0fc382fc5a3a8
2019-06-04,Black,V6,3,Red Point,wall-boulders,288.8,,e3ace7db7fe95bbf25b96ff8c702d571
2019-06-04,Pink,V7,4,Red Point,wall-slab,48.7,,98e3cbab2820d93d7ef1c691f304e767
2019-06-04,Blue Left,V5,3,Red Point,wall-slab,192.9,,f5664989dc794c4410b79a17eba89679
2019-06-04,Black,V5,3,Red Point,wall-slab,118.8,,d5d0d0784663c249ea206273042c50c0
2019-06-04,Pink,V6,2,Red Point,wall-slab,118.8,V5 into V6/7 finish,3ae49af5a3855bf4fa85b75a332fe3f8
2019-06-04,Red,V5,3,Flash,wall-slab,192.9,,796902e30948c9cf758474d85909958d
2019-06-04,Blue,V4,3,Flash,wall-slab,118.8,,690c508ddb59f947d415f14fd03d4b19
2019-06-04,Black,V4,3,Flash,wall-slab,192.9,,5174a86665e2a4e3a5a8387f60ff713c
2019-06-04,White,V1,3,Flash,wall-slab,192.9,,32d657fe1d6ede4aa176a56127325d4b
2019-06-04,Blue Right,V4,3,Red Point,wall-slab,192.9,,b1e2f9532da8aadc1cb81ffc0fa7f713
2019-06-04,Lime Green,V3,3,Flash,wall-slab,192.9,,4b55747ec6981448c9b65b81da373471
2019-06-04,Tan,V0,3,Flash,wall-slab,192.9,,d3a46448b55ab0014abb6cf2477ee9a0
2019-06-04,Yellow,V3,3,Flash,wall-slab,118.8,,f96b54f8dd517597acc993aff88b4166
2019-06-04,White,V2,3,Flash,wall-slab,118.8,,56b985787191ec88eac65e870cd3c92a
2019-06-04,Tan,V1,3,Flash,wall-slab,48.7,,3516a00bc2eb13a7b20831124fd1b505
2019-06-04,Yellow,V3,3,Flash,wall-slab,48.7,,55cfdbd140d09ffba808de3a8d017443
2019-06-04,White,V0,3,Flash,wall-slab,48.7,,837780d8c9a58b61f775eff0ff1fe769
2019-06-04,Blue,V2,3,Flash,wall-slab,48.7,,ea39e14487c87eb838dbb61aad3dff9c
2019-06-04,Red,V2,3,Flash,wall-slab,48.7,,706c62cfae35cb9bd44e2f3f98be0ef7
2019-06-04,White,5.6,3,Onsight,wall-auto-belay,223.4,,07a32e251f38e9278d67cb823e491b21
2019-06-04,Lime Green,5.7,3,Onsight,wall-auto-belay,197.6,,11dde1fc9c345dfa3aa0fff636444eca
2019-06-04,Yellow,5.11d,3,Red Point,wall-auto-belay,196.9,,17ca9e2407dd5b6638c8889d94984a44
2019-06-04,Black,5.12a,4,Onsight,wall-auto-belay,273.1,,ea2833ced65d7b8e17d8a0496ce0630d
2019-06-04,Black,5.9,3,Onsight,wall-auto-belay,222.7,,ab1d196333bdaeb3d6c753583a726bda
2019-06-04,Pink,5.11d,3,Red Point,wall-auto-belay,222.1,super slippery,5a4c12e68cf416567a08cdcd433e2005
2019-06-04,Purple,5.10c,3,Onsight,wall-auto-belay,198.2,,0a513bf8540486ffd7bec190680635b4
2019-06-04,Blue,5.10c,3,Onsight,wall-auto-belay,249.8,,28d920011c90248d182ed9653d3a6740
2019-06-04,Purple,5.11a,3,Onsight,wall-auto-belay,302.7,,507c962f32ebb6a603428201c8913ed7
2019-06-04,Lime Green,5.10d,3,Onsight,wall-auto-belay,303.3,,926ef63614761c2fe9c4a2052fd3a0c0
2019-06-04,Yellow,5.7,3,Onsight,wall-auto-belay,304.0,,966c5d90026c88617bd8924dd4978fca
2019-06-04,White,V4,3,Flash,wall-slab,48.7,,7353675635577521e14665de39e3f20d
2019-06-04,Tan,V5,3,Red Point,wall-slab,48.7,,46af9bbcdf21d1fd0a6f45196666f680
2019-06-04,Pink,V5,3,Red Point,wall-slab,48.7,,94a2020d2889c004836185fb22598417
2019-06-04,Blue,V3,3,Flash,wall-slab,48.7,,3ca2382364c4b8db3c676c98dbf7fd1d
2019-06-04,Lime Green,V0,3,Flash,wall-slab,118.8,,87f203ece9dc913ae554b8280347503f
2019-06-04,Red,V2,3,Flash,wall-slab,118.8,,c00c0ae746ef09a5aaa2142f1e3f70fa
2019-06-04,White,V3,3,Flash,wall-slab,118.8,,9ead48a22801aa9bebbcba26367795a6
2019-06-04,Blue,V4,3,Flash,wall-slab,118.8,,c9ff2dbf88e9f95057230297ccd82d26
2019-06-04,Yellow,V1,3,Flash,wall-slab,118.8,,6c8c13c987481bfda4bbbb246726f414
2019-06-04,Tan,V6,5,Red Point,wall-slab,118.8,,12348d41de43ae44212d92c78f3cb2d5
2019-06-04,Black,V0,3,Flash,wall-slab,118.8,,83e977bf4b266bcf736a3b975989dcda
2019-06-04,Blue,V1,3,Flash,wall-slab,118.8,,e09367d92ec3c8b8725c9f745aabb725
2019-06-04,Pink,V3,3,Flash,wall-slab,192.9,,e8431a2d008b8b6c4453051f806278b6
2019-06-04,White,V4,3,Flash,wall-slab,192.9,,44c11327209767e35b6c2f447a55b41a
2019-06-04,Lime Green,V6,3,Red Point,wall-slab,192.9,,40df3067e246513f908da5266fef6666
2019-06-04,Yellow,V2,3,Flash,wall-slab,192.9,,f9ff15a9a48a4362a9d72a763a3c2cbe
2019-06-04,Black,V7,3,Red Point,wall-slab,192.9,V4 if you're tall,fb66b10b9b62f5bfb7ed2a828434d45d
2019-06-04,White,V2,3,Flash,wall-boulders,667.3,,05f26e32c26d509ef6b42f0182fcb05b
2019-06-04,Yellow,V2,3,Flash,wall-boulders,667.3,,59e942beb3cb3e253945f18761e85cc2
2019-06-04,Tan,V1,3,Flash,wall-boulders,736.4,,3d710e451111716838acc48b4f5dc2da
2019-06-04,White,V2,3,Flash,wall-boulders,736.4,,e2a0ebbd66cbab7f766482bb4d0859e8
2019-06-04,Red,V3,3,Flash,wall-boulders,736.4,,ee0e71d3b3faba9cd923da0eb4ed08df
2019-06-04,Lime Green,V3,3,Flash,wall-boulders,793.8,,a62c19519c26150c0c68f7e76671430f
2019-06-04,Tan,V0,3,Flash,wall-boulders,793.8,,a6a30d4f11d44d5721d2eb1e025c0045
2019-06-04,Blue,5.8,3,Onsight,wall-red,173.9,,e8f6838e8f1dc8a20b97aabf5c39af1e
2019-06-04,Tan,5.10a,3,Onsight,wall-red,174.5,,acb519b9faffa48ce4b0bf1ba1c11e33
2019-06-04,White,5.9,3,Onsight,wall-red,197.6,,4b9305449f13fe529a35cebe12394f9b
2019-06-04,Purple,5.7,3,Onsight,wall-red,230.0,,d18c7a59bfe39e45209b28ea4a5ea74b
2019-06-04,Lime Green,5.10d,3,Onsight,wall-red,230.7,,416fd6b22d112904c46491adb749eec7
2019-06-04,Yellow,5.10a,3,Onsight,wall-red,261.8,,7f6bc563a6af175ffdc785f894101aab
2019-06-04,Tan,5.9,3,Onsight,wall-back-wall,1434.0,,76295153cb18c375454b9a7cabf52e4a
2019-06-04,Pink,5.10b,3,Onsight,wall-back-wall,1409.3,,ffcee98c800e14db60ee7b1709156880
2019-06-04,Yellow,5.6,3,Onsight,wall-back-wall,1408.5,,0d338e8607d20739e1e12a4a5315d7f8
2019-06-04,White,5.10a,3,Onsight,wall-back-wall,1386.5,,0f7c69aeb75893e676dc9ff67cc180e5
2019-06-04,Tan,5.11a,3,Onsight,wall-back-wall,1376.9,,1f6036332c8df09171499bc8900a1dc3
2019-06-04,Blue,5.8,3,Onsight,wall-back-wall,1376.2,,e1b2e7d27ff11d1bdc5736b7a2a6c784
2019-06-04,Blue,5.8,3,Onsight,wall-back-wall,1376.2,,e1b2e7d27ff11d1bdc5736b7a2a6c784
2019-06-04,Red,5.11b,3,Red Point,wall-back-wall,1354.3,,ba1b6c3db41f2bf381203f80c3b2628f
2019-06-04,Yellow,5.7,3,Onsight,wall-back-wall,1353.6,,bc8651b60381141eab54847474f100ce
2019-06-04,Blue,5.10b,3,Onsight,wall-back-wall,1329.5,,d594f83435983020c5620ee28ead5806
2019-06-04,Purple,5.10d,3,Red Point,wall-back-wall,1310.0,,223ecb2a652c2e3531218dd33d770336
2019-06-04,Yellow,5.9,3,Onsight,wall-back-wall,1309.3,,c3fe906e764880185980bd05416d07f4
2019-06-04,Pink,5.9,3,Onsight,wall-back-wall,1293.7,,6ef2c7e0befd7d34ec1bfb66b7716be7
2019-06-04,Black,5.10a,3,Onsight,wall-back-wall,1274.8,,5fb519d8b78bbb79d5550f1337bf7b1e
2019-06-04,Blue,5.10d,3,Onsight,wall-back-wall,1251.0,,58a6c65d608245aa8ade938bdbf7bd35
2019-06-04,White,5.8,3,Onsight,wall-back-wall,1250.3,,2a6ad35d7b387bdbdd9553349f487257
2019-06-04,Tan,5.7,3,Onsight,wall-back-wall,1228.7,,7728350bd4188ea30409a5bce33e4973
2019-06-04,Red,5.9,3,Onsight,wall-back-wall,1227.9,,06d5805014f42e0e77123501f1900e04
2019-06-04,Purple,5.9,3,Onsight,wall-back-wall,1199.9,,e014396fa4f102037f9d09a5d7a47c5f
2019-06-04,Lime Green,5.11a,3,Red Point,wall-back-wall,1175.7,,988f35266851d16d4a0b5245da253a28
2019-06-04,White,5.7,3,Onsight,wall-back-wall,1175.0,,e5bc2796ab9883e866cbda6b60b88e26
2019-06-04,Lime Green,5.11d,3,Red Point,wall-back-wall,1292.9,,73b4377456ed4465c1828be2667c437e
2019-06-04,Pink,5.8,3,Onsight,wall-back-wall,1168.2,,831070b5ac10ef20d318f4847b9f07a1
2019-06-04,Blue,5.10c,3,Onsight,wall-back-wall,1167.3,,575abab5bd5cecb8eb803fd1b1fc7902
2019-06-04,Tan,5.9,3,Onsight,wall-back-wall,1141.8,,3bc3ba0cb8b7dd7c9e4431346cbe1591
2019-06-04,Yellow,5.7,3,Onsight,wall-back-wall,1140.9,,e497fed202c9875f9f4bf4e0decd2ee0
2019-06-04,Purple,5.10d,3,Onsight,wall-back-wall,1121.9,,6eb36825279e54c3899658aef728c858
2019-06-04,Red,5.6,3,Onsight,wall-back-wall,1120.9,,d3ce6942e20a250983d36fce18e6100b
2019-06-04,Lime Green,5.8,3,Onsight,wall-back-wall,1098.7,,d043d8c86c32ea40f555727af7a9d6ce
2019-06-04,Lime Green,5.8,3,Onsight,wall-back-wall,684.0,,d32ae27ec09dccc77fa96ae5257fb879
2019-06-04,Black,5.9,3,Onsight,wall-island,163.0,,1c4d7d04ea79db2db9de8f397012b532
2019-06-04,Yellow,5.7,3,Onsight,wall-island,142.7,,7c63e4a4dbff7fc3fe02c1464141dd12
2019-06-04,Red,5.9,3,Onsight,wall-island,141.6,,a76b5d99512451386b75448099c67d2d
2019-06-04,Purple,5.10a,3,Onsight,wall-island,127.1,,e3e34569a4a7dcb07cef8ad3fda0bc68
2019-06-04,White,5.8,3,Onsight,wall-island,126.0,,4cfb8d2eef7a14a79f759f58006546d5
2019-06-04,Pink,5.11a,3,Onsight,wall-island,107.8,,dc831d64802943da2d7db673a3fae2d5
2019-06-04,Lime Green,5.7,3,Onsight,wall-island,106.8,,0053c78e855a34309169343c75e7f57e
2019-06-04,Yellow,5.8,3,Onsight,wall-island,92.7,,3092485929d271da6e675e264546da34
2019-06-04,Black,5.11c,3,Onsight,wall-island,91.7,,097beceee6510976ce27152be64bcab8
2019-06-04,Red,5.6,3,Onsight,wall-island,76.0,,abaeb2162eba961a70147768042965cf
2019-06-04,Tan,5.8,3,Onsight,wall-island,60.4,,ca1422218885f910edea9adc4b923f3c
2019-06-04,Blue,5.10c,3,Onsight,wall-island,59.4,,8d6b9110b15faedfad23b5633e832ed2
2019-06-04,Pink,5.11d,3,Onsight,wall-island,43.2,,fc2ac7092eab46db22ccb429a5428d63
2019-06-04,Yellow,5.7,3,Onsight,wall-island,42.2,,c23fa0faa77d42614f18a90cc8d1d84b
2019-06-04,Lime Green,5.11a,3,Onsight,wall-island,19.8,,bd5a7af1a7b64a17406b79fc9d47aed1
2019-06-04,Purple,5.9,3,Onsight,wall-island,18.7,,12181b3c007e3d6899d382f951a47d8e
2019-06-04,Red,5.11c,3,Red Point,wall-island,603.0,,8e1c49d7b799de380a56329a526e9e30
2019-06-04,Purple,5.10b,3,Onsight,wall-island,469.1,,f8bef2e33f6ad6355371b32edac9e7e5
2019-06-04,Yellow,5.7,3,Onsight,wall-island,468.2,,d843bcdc3aa13931fdcd62c0ad614d4d
2019-06-04,Lime Green,5.10d,3,Onsight,wall-island,445.8,,9ae60e10af94ed54932f6d01b9df6678
2019-06-04,Yellow,5.11d,3,Onsight,wall-island,421.6,,67e4ae8200ec2fb641a6230e8f076924
2019-06-04,Black,5.10b,3,Onsight,wall-island,420.7,,9afc1b1af77ceff0009d5b46b3a4556e
2019-06-04,Red,5.8,3,Onsight,wall-island,394.7,,de3362fe0fb4da549718bfeadbf4e38d
2019-06-04,Black,5.10c,3,Onsight,wall-back-wall,252.2,,5b40f66eeae2c6e74b9c584e6da9530f
2019-06-04,Yellow,5.10a,3,Onsight,wall-back-wall,243.4,,4f809782bd641f2c2bebb1bd95c2944b
2019-06-04,Purple,5.8,3,Onsight,wall-back-wall,221.9,,e4a399c527279cda65d4a66091fce5a8
2019-06-04,White,5.10a,3,Onsight,wall-back-wall,191.4,,f8f68ff0cf4709257334ec55ea02e1cb
2019-06-04,Yellow,5.9,3,Onsight,wall-back-wall,165.3,,c2c0b53e03323d6b6e87d3260c9d7ed5
2019-06-04,Black,5.10d,3,Onsight,wall-back-wall,141.7,,13b6c31d7e2988b7040a03ab2110eead
2019-06-04,Purple,5.9,3,Onsight,wall-back-wall,124.1,,e4393227be16256b85ab2bc1f8085960
2019-06-04,Lime Green,5.10c,3,Onsight,wall-back-wall,86.3,,cc3278a57cd5239779d6f3f66aa85e2f
2019-06-04,Yellow,5.9,3,Onsight,wall-back-wall,69.3,,34d0d7a009b6394e650a25dc930d56e6
2019-06-04,Blue,5.11a,3,Onsight,wall-back-wall,56.8,,c63e7bdb295fb2dd57b053cbcf7ff606
2019-06-04,Pink,5.10c,3,Onsight,wall-back-wall,37.7,,bac78825d129005f86c1f94f96c6f227
2019-06-04,Red,5.7,3,Onsight,wall-back-wall,-1.5,,601792cf8eca45c7a40c78895364d141
2019-06-04,Purple,5.8,3,Onsight,wall-back-wall,-2.4,,c8069198bd7aeaebbb525c8e49b74e5e
2019-06-03,White,5.11d,5,Onsight,wall-back-wall,921.4,intimidating﹐ big move to the second bolt,8e2b2dcbc23a6bc0e38f83c5fb776ad2
2019-06-03,White,5.12a,2,Onsight,wall-back-wall,1019.6,super soft﹐ 10d if you're tall,acb254ed9c88b1a07f27c7d310bac503
2019-06-03,Pink,5.10b,3,Onsight,wall-back-wall,894.6,,ac0cc18a0d7c164c1d7c701ce4897a10
2019-06-03,Tan,5.10d,3,Onsight,wall-back-wall,829.3,,7329deeb332b9f32bffca04fd844263f
2019-06-03,White,5.11b,5,Onsight,wall-back-wall,741.6,technical,675181d9a952e8b911fcd5c520ebf158
2019-06-03,Pink,5.10b,5,Onsight,wall-back-wall,894.6,,ac0cc18a0d7c164c1d7c701ce4897a10
2019-06-03,Pink,5.10b,3,Onsight,wall-back-wall,894.6,,ac0cc18a0d7c164c1d7c701ce4897a10
2019-06-03,Red,5.11c,3,Onsight,wall-auto-belay,174.9,,a620920686a51758e34a64f7cb7f334b
2019-06-03,White,5.7,3,Onsight,wall-auto-belay,174.3,,f995c2815700f698fe1cec2996eee649
2019-06-03,Black,5.10c,3,Onsight,wall-auto-belay,173.7,,93f36edd9f4742e31d36d73b6b6944a8
2019-06-03,Red,5.10a,3,Onsight,wall-auto-belay,273.7,,77310b734169479ba2bfaf616b222e5e
2019-06-03,Red,5.8,3,Onsight,wall-auto-belay,342.5,,8320601d1d82745e265062f782da8b73
2019-06-03,Blue,5.5,3,Onsight,wall-auto-belay,343.2,,99d687a3caf41aab9c73809769394aec
2019-06-03,Yellow,5.9,3,Onsight,wall-auto-belay,250.5,,45a7004461d8305f97d82064a54e92be
2019-06-03,Tan,5.6,3,Onsight,wall-auto-belay,251.1,,33a9a36df96d83a287cdf2fe1abfc6bc
2019-06-03,White,5.8,3,Onsight,wall-auto-belay,274.3,,11cb2c909ceecb6dfea8393b8d3ec3b3
2019-06-02,Blue,5.8,3,Onsight,wall-red,25.4,,a7648dd0212e1132047bd11a2b271315
2019-06-02,Red,V1,3,Flash,wall-mezzanine,114.6,,170f59c2862db6092ccb1f2e3209f844
2019-06-02,Yellow,V4,3,Flash,wall-mezzanine,114.6,,6f6d389bcedd265116fd4799d3246317
2019-06-02,Lime Green,V4,3,Red Point,wall-mezzanine,114.6,,d0fc2727f4bb05324556be3f5eaf6a21
2019-06-02,White,V5,3,Red Point,wall-mezzanine,114.6,,ef77f308d801163044bc5654de8244b5
2019-06-02,Blue,V2,3,Flash,wall-mezzanine,114.6,,684e830b3e864916d7d8ec5a511c3335
2019-06-02,Pink,V0,3,Flash,wall-mezzanine,114.6,,70ce5508d5b3e2fa80bac7eb45795339
2019-06-02,Yellow,V0,3,Flash,wall-mezzanine,114.6,,0b317f7171a66878aed058ae894271ca
2019-06-02,Black,V2,3,Flash,wall-mezzanine,39.7,,8250bcbb19be31dc0434f8bba53dde90
2019-06-02,Tan,V3,3,Flash,wall-mezzanine,39.7,,1f87cbe9bb8bfca5d09c9e841f9ace4a
2019-06-02,White,V3,3,Flash,wall-mezzanine,39.7,,c8a92a67a92efad5b2797dd75973e1b9
2019-06-02,Lime Green,V1,3,Flash,wall-mezzanine,39.7,,93a7c83348327587a1c2fd3b9446c611
2019-06-02,Blue,V7,3,Red Point,wall-mezzanine,39.7,,7710b6bb9f2040243b98084d1c33931f
2019-06-02,Red,V5,3,Red Point,wall-mezzanine,39.7,,a85ff230c33b9e394ec306d70ff2aeb9
2019-06-02,Yellow Right,V7,3,Red Point,wall-mezzanine,39.7,,8c39cf1fc4df76b48ce64b1629e8a9a2
2019-06-02,Black,V3,3,Flash,wall-mezzanine,39.7,,ebf4cd19fb9c91fa76a5cea4d089299e
2019-06-02,Yellow,V3,3,Flash,wall-mezzanine,39.7,,750043e56438e09389732c73693f13ea
2019-06-02,Yellow Left,V5,3,Red Point,wall-mezzanine,39.7,,7668cf75195cdee599ff319bcffdbd2e
2019-06-02,Tan,V1,3,Flash,wall-boulders,423.0,,c43c157c05eae8d3d107070153d415a1
2019-06-02,White,V3,3,Flash,wall-boulders,423.0,Harder than a v3,6469b1c646b93cda0518f42172c56501
2019-06-02,Red,V5,5,Red Point,wall-boulders,423.0,,dbd199ff6a2a78c3a2d4fe83749fe380
2019-06-02,Black,V2,2,Flash,wall-boulders,505.7,,278df74275da07288126f5247712da42
2019-06-02,Blue Stand,V3,3,Flash,wall-boulders,505.7,,09c71afc4d6506775ca8663eb6764915
2019-06-02,Tan Stand,V4,3,Flash,wall-boulders,505.7,,9a7960f4b43d43e26d5375bf503c6adc
2019-06-02,Pink Stand,V6,4,Red Point,wall-boulders,505.7,,4352d91a5b9769b49d10ac3277daf69a
2019-06-02,White,V3,2,Flash,wall-boulders,581.0,,b901c5a7044c4eb0f47cd1858f84edef
2019-06-02,Lime Green,V4,5,Flash,wall-boulders,581.0,,746621c51934510070839cadb2b37c0b
2019-06-01,Red,5.11b,5,Onsight,wall-red,51.5,,628d0ec81fa7158b55193d7931392510
2019-06-01,Black,V2,3,Flash,wall-boulders,581.0,,6435404e42efd4d2097d5b3242739aac
2019-06-01,Blue,V0,3,Flash,wall-boulders,581.0,,30082ec4babc41bcea1470e480d23850
2019-05-31,Red,V4,3,Flash,wall-boulders,359.0,,5b0b96942f6f357f14ebb7c01ec53de4
2019-05-31,Purple,V2,3,Flash,wall-boulders,288.8,,af3b58b7bcf33b23dca36108920e638f
2019-05-31,Yellow,V1,3,Flash,wall-boulders,288.8,,3566012b72c4dff41f882a741950e0f8
2019-05-31,Tan,V3,3,Flash,wall-boulders,359.0,,75bcd5fd4942d36233a9669d87d71929
2019-05-31,Black,V4,3,Flash,wall-boulders,288.8,,214f825ab9454319d2c20458e1a82d83
2019-05-31,Blue,V6,5,Red Point,wall-boulders,288.8,Cool movement﹐ surprisingly terrible last hold.,e7874550eb671551910aaea1da7e3266
2019-05-31,White Right,V5,3,Red Point,wall-boulders,288.8,,e69a37bd9909f86238705349b19678b4
2019-05-31,White Left,V4,3,Red Point,wall-boulders,288.8,,3bc1407f5c5ddd6fce72493b5fe9b81a
2019-05-31,Lime Green,V0,3,Flash,wall-boulders,288.8,,2ae7c9d09f7478169e3753a434ab5a8c
2019-05-31,Red,V2,2,Flash,wall-boulders,288.8,Painfully rough holds,7ed4c61be2b6d4e854ead140288a52af
2019-05-31,Tan,V5,4,Red Point,wall-boulders,359.0,,aee31f86fba435fb07fd9b8742859afb
2019-05-31,Pink,V5,2,Red Point,wall-boulders,359.0,,a8297b6e24de297f162f85be8828d050
2019-05-31,Yellow,V3,3,Flash,wall-boulders,359.0,,364dea675a95b2e7127f6aff07f0a542
2019-05-31,White,V3,1,Flash,wall-boulders,581.0,,b901c5a7044c4eb0f47cd1858f84edef
2019-05-31,Blue,V1,3,Red Point,wall-boulders,359.0,,0cf6164c630e57baf374241dd0561799
2019-05-30,Pink,5.12a,3,Red Point,wall-back-wall,221.1,,bfca3c2ddd4f9623835afd9fe7a4ddf0
2019-05-30,Pink,5.11c,3,Onsight,wall-back-wall,689.8,,7b6c30deb5abc04d242c653627d90b4e
2019-05-23,Blue,5.11b,5,Onsight,wall-back-wall,243.6,,1fe11b63e4ac645f9a259a18a6ed37fc
2019-05-23,Tan,5.11a,3,Onsight,wall-back-wall,589.1,,ee645e858e1e9154a4bd325f9a22643a
2019-05-23,Red,5.11d,3,Onsight,wall-back-wall,562.0,,7f8164a015491611e8ae96045bb0a1bb
2019-05-23,Black,5.10c,3,Onsight,wall-back-wall,388.4,,7b75ca6b1e359569248b64e82260e529
2019-05-17,White,V4,3,Flash,wall-boulders,793.8,Stemmed the whole problem using side wall; I think I read it wrong.,79c5d67be2cc220058b870d0ed3734f8
2019-05-17,Pink,V6,3,Red Point,wall-boulders,793.8,,b8d60d871fc6f07d5e13ed7afe42cd53
2019-05-17,Yellow,V5,3,Flash,wall-boulders,667.3,,74cc06ffef88d99458c9ec8b5a7cb989
2019-05-17,Pink,V4,3,Red Point,wall-boulders,667.3,,62e752f0c1f06319111a5d293140220e
2019-05-17,Blue,V8,3,Red Point,wall-boulders,667.3,not v9﹐ should be a v7,4f6a8b2c0ea6346e0667343cd3f46a38
2019-05-17,Black,V7,3,Red Point,wall-boulders,667.3,,cfea42e9c66ed94e1d8911d073ad8428
